event_id,user_email,track_source_mbid,listened_at,device
67e569e3-1251-5da5-a90f-6435faaa9c23,alice@example.com,bea00600-c226-4216-96bc-4a487f4de7cf,2024-05-01 08:00:00,mobile
e48cccd6-f71e-5b43-adb5-7884d4afc647,bob@example.com,520a09bc-4cb9-452f-9a50-703b0c5637fd,2024-05-01 08:17:00,web
86566259-5f08-5957-818a-4af85f0869c1,carol@example.com,f9cd1c97-badb-4050-ae4f-b562a64705a8,2024-05-01 08:34:00,desktop
cec03b1b-881b-5911-826a-d27e92ec098b,alice@example.com,354e571e-c6a4-442a-93c0-247e8d66c1c0,2024-05-01 08:51:00,tablet
bd3134d3-4c6f-59c5-9ddd-c050db6cf210,bob@example.com,c957a63a-1332-4a5c-bb6f-e116a45becb5,2024-05-01 09:08:00,mobile
60e35532-33bd-5158-802a-d0604285946b,carol@example.com,b0700595-a0c0-4151-b7fd-12b046ebc9df,2024-05-01 09:25:00,web
edf3c88d-1fff-5217-bc53-4084597b1477,alice@example.com,16947d2b-8a0d-4ee7-aa38-042a05adb975,2024-05-01 09:42:00,desktop
ad2e8bc4-3ded-5d4d-8178-e00a17bd1a82,bob@example.com,46cc019b-ff17-496a-866a-2b4932600910,2024-05-01 09:59:00,tablet
5d007853-bae5-59c1-bc08-2502a99006e1,carol@example.com,ebbbe19b-e08d-4957-9445-d81745a96a93,2024-05-01 10:16:00,mobile
17edaab1-4946-59f4-8da4-cd69d01d1ecf,alice@example.com,205ff413-6fbe-48d2-bd64-940cc37f5d75,2024-05-01 10:33:00,web
e7a52cb2-73e6-5886-858d-1538c94720d7,bob@example.com,2bf45c25-da71-408a-981d-6cf14f47552d,2024-05-01 10:50:00,desktop
46b87900-195b-51de-8204-976c51072b70,carol@example.com,5026f6d4-89be-4d29-b731-a91bb3f4779c,2024-05-01 11:07:00,tablet
afaa4a6a-570b-5144-b749-df152b95f618,alice@example.com,e8ce0050-81f3-44d5-86d2-4154a1c1680e,2024-05-01 11:24:00,mobile
0e97452e-fcdd-5743-9073-2d1595ac1b23,bob@example.com,fac363f8-7da2-4d2d-9b19-d90be9bcefae,2024-05-01 11:41:00,web
be1a5d88-e90a-59a3-bed9-bbfe8a402644,carol@example.com,c25aba65-17ae-4f2e-a8a8-5aefa4e1348b,2024-05-01 11:58:00,desktop
5ea451a7-bd1b-5028-8b4e-532a680b1393,alice@example.com,e7f5cfb4-47eb-42cb-97ce-3b506274ec73,2024-05-01 12:15:00,tablet
d54d2c5f-cb5e-5266-a5b4-f9260dbbc54d,bob@example.com,5deb4023-53b9-47f3-ab3d-b057ee4f953f,2024-05-01 12:32:00,mobile
8e778561-f21d-5ee7-97b7-9b62eae28bf7,carol@example.com,629cdfb3-6122-4bba-bead-4c09f888efca,2024-05-01 12:49:00,web
1ceda6a3-cf07-58a8-bf03-a27a0619b582,alice@example.com,6fe2eadd-d236-4d28-806b-3bda9285fd0d,2024-05-01 13:06:00,desktop
b6f92ffd-5e50-57b5-9eb9-a9096d648e96,bob@example.com,65c5385c-55df-4e3f-83bd-73145528e14f,2024-05-01 13:23:00,tablet
76f1e3f0-ef6d-5c28-bbd5-268b8c60eafb,carol@example.com,6373694b-2bae-4bc1-89a3-8545441304c9,2024-05-01 13:40:00,mobile
b9fbcdbf-dacb-54b1-a1d3-ee275df03495,alice@example.com,0e84d50e-aa9a-4365-bae9-7e8f870f0f02,2024-05-01 13:57:00,web
c957aeda-dc0f-5f97-b84d-09bd8e724e14,bob@example.com,8bf3a39b-40d4-4d03-8f83-0f5db88d4e69,2024-05-01 14:14:00,desktop
37f8211d-d677-53d6-b084-8f4dbf5854d0,carol@example.com,a2bc017d-dd7d-489e-af9c-f1ca73ecfd52,2024-05-01 14:31:00,tablet
b2d6423e-7727-515c-b273-36fef72489bb,alice@example.com,f7e0f54c-1be0-41f6-9f0f-f1885a41230c,2024-05-01 14:48:00,mobile
a85392ad-ab4a-5087-a1a0-dd7dec48f3e6,bob@example.com,340f4833-2e20-4ab8-b03d-91c8e7f230a3,2024-05-01 15:05:00,web
e8cac02b-e74e-5a50-aa06-39e0275ca666,carol@example.com,575d1039-43e5-4c38-9c7a-1566600491ff,2024-05-01 15:22:00,desktop
e0c8cd69-41d9-51d7-8bfb-281b0bf412c6,alice@example.com,cc462b1f-b77d-4c4b-851f-ba3b65fa1331,2024-05-01 15:39:00,tablet
e0d0fd6f-fc08-50ad-843e-6382ebe8d599,bob@example.com,cdc72506-8355-4b48-9cd1-fd03828b1601,2024-05-01 15:56:00,mobile
cbb33919-d366-5d10-bd5b-2762a2d2047e,carol@example.com,bef779fc-0310-4c4c-85ef-1e4797b1dc9e,2024-05-01 16:13:00,web
e0b8de12-bbd2-5785-b37e-051d63dd7f9b,alice@example.com,f3b7aba1-3d9b-4837-ba86-120ef1e7337f,2024-05-01 16:30:00,desktop
50007b13-8ca7-5b77-8887-de4269ced0c9,bob@example.com,87b314ab-145c-4d4a-b661-0f35e48586ca,2024-05-01 16:47:00,tablet
8e5e69e9-4464-5b0f-9003-f063d8e1795e,carol@example.com,9709c855-dfa2-4159-b0e4-deb078bfe1d7,2024-05-01 17:04:00,mobile
549e8a3e-1b29-5630-a33b-fc836c428cdc,alice@example.com,236bed16-209e-4f6c-bc8c-9ba685852787,2024-05-01 17:21:00,web
c7335911-5e4c-5d3d-b757-2a95e9baf1ed,bob@example.com,a413deb8-5c2d-489b-98f8-7f1e61c5eeef,2024-05-01 17:38:00,desktop
5eafee05-9c62-5114-b8fe-e52ca92112bd,carol@example.com,fd4fabfb-c7c1-4818-bd9d-ac546edaf784,2024-05-01 17:55:00,tablet
d9ae638a-7c98-5fd2-99ba-8093dee7f6ba,alice@example.com,6943fab7-444f-47a0-ae18-099125cfea02,2024-05-01 18:12:00,mobile
2c0676a1-e70e-5171-94d2-90a23991d58d,bob@example.com,1cecec99-53e1-4f43-894f-7976318b8929,2024-05-01 18:29:00,web
8b0e212d-3a10-5c24-afa6-5335e6aef386,carol@example.com,8004fdd5-00dc-48c9-8635-8889fcb96040,2024-05-01 18:46:00,desktop
6a159ca8-d110-5be1-9e59-b46e446498e8,alice@example.com,5fbabd7f-ca2b-4137-9826-f67866b923aa,2024-05-01 19:03:00,tablet
366bab12-e4fc-5b33-a4fd-786c9eb94f81,bob@example.com,9a73ddb9-4488-417b-b57f-4b9b7870e942,2024-05-01 19:20:00,mobile
596bd5eb-a93d-54b2-9099-98b2996239d7,carol@example.com,6b8da6d9-fa26-49e4-90fb-8e677a808568,2024-05-01 19:37:00,web
6bc62e26-2c42-5e77-a7f0-1d2143c8635c,alice@example.com,f08d8370-97d9-41a1-b4ff-5688515bd166,2024-05-01 19:54:00,desktop
b71dd820-3244-5ff4-a386-f87908c19ec5,bob@example.com,aa233736-abb6-4a3a-b7fd-1135b2d0001c,2024-05-01 20:11:00,tablet
8c6d0655-2655-568a-915e-11cc6316372f,carol@example.com,2471d4ec-4faf-4569-928b-5f098103fae8,2024-05-01 20:28:00,mobile
e6c1cbf1-3d06-579e-a2fc-260f707b168f,alice@example.com,bea00600-c226-4216-96bc-4a487f4de7cf,2024-05-01 20:45:00,web
94914543-c9c4-59d5-96d5-2887d3ea4382,bob@example.com,520a09bc-4cb9-452f-9a50-703b0c5637fd,2024-05-01 21:02:00,desktop
fe46ecbd-5b51-50fc-b95a-5c6e8efa3040,carol@example.com,f9cd1c97-badb-4050-ae4f-b562a64705a8,2024-05-01 21:19:00,tablet
4efebf48-288b-5188-a77f-2ae45717aef0,alice@example.com,354e571e-c6a4-442a-93c0-247e8d66c1c0,2024-05-01 21:36:00,mobile
e7dafe7e-8a71-587d-92ac-c3e219171d28,bob@example.com,c957a63a-1332-4a5c-bb6f-e116a45becb5,2024-05-01 21:53:00,web
3ff47139-1936-5ce8-913c-44826b7e2d5c,carol@example.com,b0700595-a0c0-4151-b7fd-12b046ebc9df,2024-05-01 22:10:00,desktop
efb423e6-765b-5d54-bc62-c5ba64383d6f,alice@example.com,16947d2b-8a0d-4ee7-aa38-042a05adb975,2024-05-01 22:27:00,tablet
dc6edf0e-bb54-5439-b4df-e01c9c635464,bob@example.com,46cc019b-ff17-496a-866a-2b4932600910,2024-05-01 22:44:00,mobile
509bf77a-36b0-5c01-af80-1bd1cf5571e4,carol@example.com,ebbbe19b-e08d-4957-9445-d81745a96a93,2024-05-01 23:01:00,web
7da1677b-3910-53e4-a241-15db3d269d7b,alice@example.com,205ff413-6fbe-48d2-bd64-940cc37f5d75,2024-05-01 23:18:00,desktop
1906fd5e-9ae3-5b33-ac50-3e9c70f109ac,bob@example.com,2bf45c25-da71-408a-981d-6cf14f47552d,2024-05-01 23:35:00,tablet
2f1a8da6-9970-5c2f-9d6c-72ff1e4df6af,carol@example.com,5026f6d4-89be-4d29-b731-a91bb3f4779c,2024-05-01 23:52:00,mobile
ce9dc82c-6a27-5559-9543-5090c60dcc6f,alice@example.com,e8ce0050-81f3-44d5-86d2-4154a1c1680e,2024-05-02 00:09:00,web
2121ae04-bced-5a47-ad1c-67da2b34be69,bob@example.com,fac363f8-7da2-4d2d-9b19-d90be9bcefae,2024-05-02 00:26:00,desktop
fb70aa5b-c03a-578f-8608-d1ca0ebf68c1,carol@example.com,c25aba65-17ae-4f2e-a8a8-5aefa4e1348b,2024-05-02 00:43:00,tablet
ba3ed3de-31ac-515c-9fd5-3865737e1f09,alice@example.com,e7f5cfb4-47eb-42cb-97ce-3b506274ec73,2024-05-02 01:00:00,mobile
aa58c188-9d1d-5526-a371-e44cd794700b,bob@example.com,5deb4023-53b9-47f3-ab3d-b057ee4f953f,2024-05-02 01:17:00,web
95a5b3f9-6daa-5900-9d21-2d6efaea9797,carol@example.com,629cdfb3-6122-4bba-bead-4c09f888efca,2024-05-02 01:34:00,desktop
d3034c5c-05e4-5eb9-8c2f-90d9b09e2971,alice@example.com,6fe2eadd-d236-4d28-806b-3bda9285fd0d,2024-05-02 01:51:00,tablet
f520e5c2-1c56-588e-9685-f04b205da829,bob@example.com,65c5385c-55df-4e3f-83bd-73145528e14f,2024-05-02 02:08:00,mobile
3cf56ba8-9ea0-573d-b80b-29e790c9d448,carol@example.com,6373694b-2bae-4bc1-89a3-8545441304c9,2024-05-02 02:25:00,web
5f293041-3ed1-5823-b455-4a0c2b6412dd,alice@example.com,0e84d50e-aa9a-4365-bae9-7e8f870f0f02,2024-05-02 02:42:00,desktop
27400632-c734-5648-a263-8f16dbe8ae27,bob@example.com,8bf3a39b-40d4-4d03-8f83-0f5db88d4e69,2024-05-02 02:59:00,tablet
e0bdadaf-d959-5631-8f73-134c635801cb,carol@example.com,a2bc017d-dd7d-489e-af9c-f1ca73ecfd52,2024-05-02 03:16:00,mobile
f84c524b-d160-5ab8-8010-2e402a428f12,alice@example.com,f7e0f54c-1be0-41f6-9f0f-f1885a41230c,2024-05-02 03:33:00,web
fa3e0a9c-e8a3-5cbf-a00d-2f26c3fb8dd7,bob@example.com,340f4833-2e20-4ab8-b03d-91c8e7f230a3,2024-05-02 03:50:00,desktop
6538b63e-6c57-550d-b8c3-b300b79cff3d,carol@example.com,575d1039-43e5-4c38-9c7a-1566600491ff,2024-05-02 04:07:00,tablet
7d54e988-7950-5b34-b7f5-bda5c3608bac,alice@example.com,cc462b1f-b77d-4c4b-851f-ba3b65fa1331,2024-05-02 04:24:00,mobile
db7190e2-ba7f-526b-a779-f64a96138c95,bob@example.com,cdc72506-8355-4b48-9cd1-fd03828b1601,2024-05-02 04:41:00,web
a463ac3b-937b-5ecd-84a2-37bc72ccc617,carol@example.com,bef779fc-0310-4c4c-85ef-1e4797b1dc9e,2024-05-02 04:58:00,desktop
9a4d3297-6785-569c-a1e1-bd8fa185e07d,alice@example.com,f3b7aba1-3d9b-4837-ba86-120ef1e7337f,2024-05-02 05:15:00,tablet
8a9fc282-429d-5811-ade0-d214db7e7e13,bob@example.com,87b314ab-145c-4d4a-b661-0f35e48586ca,2024-05-02 05:32:00,mobile
856723ff-564b-551a-9ddb-a7eb6571308d,carol@example.com,9709c855-dfa2-4159-b0e4-deb078bfe1d7,2024-05-02 05:49:00,web
c0a8849d-b722-5e62-a2f1-5d30ccdd36c0,alice@example.com,236bed16-209e-4f6c-bc8c-9ba685852787,2024-05-02 06:06:00,desktop
ccbc4bb1-bde3-512d-ad16-7dcd9ece481b,bob@example.com,a413deb8-5c2d-489b-98f8-7f1e61c5eeef,2024-05-02 06:23:00,tablet
7494e447-7b5a-5700-9f46-4b8e8f2c0d1a,carol@example.com,fd4fabfb-c7c1-4818-bd9d-ac546edaf784,2024-05-02 06:40:00,mobile
7f3f8027-55b4-55f1-bea9-4aa1b2a27081,alice@example.com,6943fab7-444f-47a0-ae18-099125cfea02,2024-05-02 06:57:00,web
ae84cf40-8ccb-592c-8a34-8fbb6c2f1093,bob@example.com,1cecec99-53e1-4f43-894f-7976318b8929,2024-05-02 07:14:00,desktop
b8ce37f4-7ff3-52f1-90a4-79d8dc7e964e,carol@example.com,8004fdd5-00dc-48c9-8635-8889fcb96040,2024-05-02 07:31:00,tablet
8f370f2f-47bf-5ae8-a13f-f8d964d4033b,alice@example.com,5fbabd7f-ca2b-4137-9826-f67866b923aa,2024-05-02 07:48:00,mobile
500249b2-f6c9-560e-8401-1b9506c1d4f4,bob@example.com,9a73ddb9-4488-417b-b57f-4b9b7870e942,2024-05-02 08:05:00,web
e8fac932-9540-5633-8e27-50aa5a3af13d,carol@example.com,6b8da6d9-fa26-49e4-90fb-8e677a808568,2024-05-02 08:22:00,desktop
0eaa220e-5d43-51fd-ac6d-cde03b8ae7ad,alice@example.com,f08d8370-97d9-41a1-b4ff-5688515bd166,2024-05-02 08:39:00,tablet
3a4fc7b7-a881-5014-b9f3-059daebe083f,bob@example.com,aa233736-abb6-4a3a-b7fd-1135b2d0001c,2024-05-02 08:56:00,mobile
4f4e1ff3-7c6a-52ba-9d98-f7aac60467d7,carol@example.com,2471d4ec-4faf-4569-928b-5f098103fae8,2024-05-02 09:13:00,web
989e6a15-c8c5-5053-bb17-e5ae0b858674,alice@example.com,bea00600-c226-4216-96bc-4a487f4de7cf,2024-05-02 09:30:00,desktop
418a9102-dbaf-5943-b13e-4c246bf26f9c,bob@example.com,520a09bc-4cb9-452f-9a50-703b0c5637fd,2024-05-02 09:47:00,tablet
73695772-af34-5abc-98a9-25ab330c503c,carol@example.com,f9cd1c97-badb-4050-ae4f-b562a64705a8,2024-05-02 10:04:00,mobile
4653a3a8-47d2-5284-96ba-d33a827f124a,alice@example.com,354e571e-c6a4-442a-93c0-247e8d66c1c0,2024-05-02 10:21:00,web
1fbc131b-d2ae-5aae-9c4f-abb1e6de9c27,bob@example.com,c957a63a-1332-4a5c-bb6f-e116a45becb5,2024-05-02 10:38:00,desktop
378eb7a1-56c1-5e66-ab71-97037fd7317d,carol@example.com,b0700595-a0c0-4151-b7fd-12b046ebc9df,2024-05-02 10:55:00,tablet
e7d13119-75a5-5832-8076-267ecdf0247c,alice@example.com,16947d2b-8a0d-4ee7-aa38-042a05adb975,2024-05-02 11:12:00,mobile
40ae084c-793d-5736-a7b4-15ddcffdfe35,bob@example.com,46cc019b-ff17-496a-866a-2b4932600910,2024-05-02 11:29:00,web
0f60cc72-25db-5be9-a792-594d2b6f292f,carol@example.com,ebbbe19b-e08d-4957-9445-d81745a96a93,2024-05-02 11:46:00,desktop
d5d7382c-2b05-5355-9ca9-eb2866b25647,alice@example.com,205ff413-6fbe-48d2-bd64-940cc37f5d75,2024-05-02 12:03:00,tablet
afae2f01-cb2c-5b81-807b-c75f5e528f7d,bob@example.com,2bf45c25-da71-408a-981d-6cf14f47552d,2024-05-02 12:20:00,mobile
1c9b3a4a-a201-5064-839b-701b87d0963d,carol@example.com,5026f6d4-89be-4d29-b731-a91bb3f4779c,2024-05-02 12:37:00,web
f8ade252-7ec6-51ad-94e9-8f4729d74640,alice@example.com,e8ce0050-81f3-44d5-86d2-4154a1c1680e,2024-05-02 12:54:00,desktop
4b5e3431-4c91-55a8-92da-89d67aef5508,bob@example.com,fac363f8-7da2-4d2d-9b19-d90be9bcefae,2024-05-02 13:11:00,tablet
b6327d19-fe86-516f-bf21-544ab3fdc72b,carol@example.com,c25aba65-17ae-4f2e-a8a8-5aefa4e1348b,2024-05-02 13:28:00,mobile
017a47a1-383a-5429-ac45-42ed4bd5a479,alice@example.com,e7f5cfb4-47eb-42cb-97ce-3b506274ec73,2024-05-02 13:45:00,web
48320865-6dca-5113-9756-cc963f91cf07,bob@example.com,5deb4023-53b9-47f3-ab3d-b057ee4f953f,2024-05-02 14:02:00,desktop
b9f8a2d4-3fba-5e7b-bcba-ba6a44a44075,carol@example.com,629cdfb3-6122-4bba-bead-4c09f888efca,2024-05-02 14:19:00,tablet
e512802d-ad69-5ee9-891d-37c35be6e27d,alice@example.com,6fe2eadd-d236-4d28-806b-3bda9285fd0d,2024-05-02 14:36:00,mobile
48fe34ec-f80b-5257-a7a8-6f62e60071d5,bob@example.com,65c5385c-55df-4e3f-83bd-73145528e14f,2024-05-02 14:53:00,web
6adda75c-982a-52a5-aec6-374257dcb96d,carol@example.com,6373694b-2bae-4bc1-89a3-8545441304c9,2024-05-02 15:10:00,desktop
7ea54f59-ae8e-5666-8cc2-54999e0bb749,alice@example.com,0e84d50e-aa9a-4365-bae9-7e8f870f0f02,2024-05-02 15:27:00,tablet
273a00e3-88b2-5d83-ab5d-ccb1ae8245c9,bob@example.com,8bf3a39b-40d4-4d03-8f83-0f5db88d4e69,2024-05-02 15:44:00,mobile
dec84b25-282c-5542-ad3b-972e2287df67,carol@example.com,a2bc017d-dd7d-489e-af9c-f1ca73ecfd52,2024-05-02 16:01:00,web
8c8af263-e406-5d9a-be5f-e088828f4bae,alice@example.com,f7e0f54c-1be0-41f6-9f0f-f1885a41230c,2024-05-02 16:18:00,desktop
efbe81b1-db60-5115-a7d7-355473ba348c,bob@example.com,340f4833-2e20-4ab8-b03d-91c8e7f230a3,2024-05-02 16:35:00,tablet
25791b0a-9ff0-5612-8cda-c2c1de992d4c,carol@example.com,575d1039-43e5-4c38-9c7a-1566600491ff,2024-05-02 16:52:00,mobile
f136a03d-37c8-5c1b-b987-01597400555d,alice@example.com,cc462b1f-b77d-4c4b-851f-ba3b65fa1331,2024-05-02 17:09:00,web
0bdf3b8b-6e4f-5223-91f4-9afffa10eaa3,bob@example.com,cdc72506-8355-4b48-9cd1-fd03828b1601,2024-05-02 17:26:00,desktop
c6bb4a32-70f4-57bd-bd43-e620c9865059,carol@example.com,bef779fc-0310-4c4c-85ef-1e4797b1dc9e,2024-05-02 17:43:00,tablet
c007c98b-b5e0-5529-bb24-00c169301892,alice@example.com,f3b7aba1-3d9b-4837-ba86-120ef1e7337f,2024-05-02 18:00:00,mobile
933695f2-fe97-531b-8c0c-e988c7fdbe8c,bob@example.com,87b314ab-145c-4d4a-b661-0f35e48586ca,2024-05-02 18:17:00,web
0d6763ac-dc38-5fa2-b3e5-fb68083c2684,carol@example.com,9709c855-dfa2-4159-b0e4-deb078bfe1d7,2024-05-02 18:34:00,desktop
b0ba56b1-a401-574a-bcf6-52c6d8087701,alice@example.com,236bed16-209e-4f6c-bc8c-9ba685852787,2024-05-02 18:51:00,tablet
656bb5a9-31f7-5565-9e36-bbbcd7f2ca97,bob@example.com,a413deb8-5c2d-489b-98f8-7f1e61c5eeef,2024-05-02 19:08:00,mobile
fbfc0f40-e546-57a5-8b8e-d9fb4fdbb48c,carol@example.com,fd4fabfb-c7c1-4818-bd9d-ac546edaf784,2024-05-02 19:25:00,web
34ae30e9-7c27-5e08-b56b-1abb2da63ac3,alice@example.com,6943fab7-444f-47a0-ae18-099125cfea02,2024-05-02 19:42:00,desktop
54e9c018-3f1b-51d9-989c-1e1753a4e8bf,bob@example.com,1cecec99-53e1-4f43-894f-7976318b8929,2024-05-02 19:59:00,tablet
adffdaf2-6035-56a9-8d6c-4e123e8b36ad,carol@example.com,8004fdd5-00dc-48c9-8635-8889fcb96040,2024-05-02 20:16:00,mobile
ffe5be35-12c4-531f-a918-52e62cab60f1,alice@example.com,5fbabd7f-ca2b-4137-9826-f67866b923aa,2024-05-02 20:33:00,web
b2f6b785-7580-5778-b453-2a4aaf74849e,bob@example.com,9a73ddb9-4488-417b-b57f-4b9b7870e942,2024-05-02 20:50:00,desktop
9543f2a9-c208-5742-9ac8-e26705d70b10,carol@example.com,6b8da6d9-fa26-49e4-90fb-8e677a808568,2024-05-02 21:07:00,tablet
932a2e4e-d2fe-5382-ba7c-b87934c4b353,alice@example.com,f08d8370-97d9-41a1-b4ff-5688515bd166,2024-05-02 21:24:00,mobile
80799687-0c94-5981-9247-13704341bd53,bob@example.com,aa233736-abb6-4a3a-b7fd-1135b2d0001c,2024-05-02 21:41:00,web
8f1f934f-c0e9-55ac-a8f3-bdb0c9260c1c,carol@example.com,2471d4ec-4faf-4569-928b-5f098103fae8,2024-05-02 21:58:00,desktop
ffc2b683-6acc-5cbb-85be-7649a088e075,alice@example.com,bea00600-c226-4216-96bc-4a487f4de7cf,2024-05-02 22:15:00,tablet
cf42cd5d-987a-5bb7-808b-c96f39c17a15,bob@example.com,520a09bc-4cb9-452f-9a50-703b0c5637fd,2024-05-02 22:32:00,mobile
b1bf18f8-86be-54fd-a308-92f3c74e6ef5,carol@example.com,f9cd1c97-badb-4050-ae4f-b562a64705a8,2024-05-02 22:49:00,web
fda4e418-d9f3-5b2b-ae86-17ae022867b8,alice@example.com,354e571e-c6a4-442a-93c0-247e8d66c1c0,2024-05-02 23:06:00,desktop
2f651882-0600-5a5f-b6d7-5e07f7252c9e,bob@example.com,c957a63a-1332-4a5c-bb6f-e116a45becb5,2024-05-02 23:23:00,tablet
27530584-5e6d-5ee4-9419-5ec327102f23,carol@example.com,b0700595-a0c0-4151-b7fd-12b046ebc9df,2024-05-02 23:40:00,mobile
7740bf4d-d1c8-5cbf-b24d-7e22c729d34e,alice@example.com,16947d2b-8a0d-4ee7-aa38-042a05adb975,2024-05-02 23:57:00,web
b097fcfb-13d4-503f-a9ac-223897b8daa2,bob@example.com,46cc019b-ff17-496a-866a-2b4932600910,2024-05-03 00:14:00,desktop
dbaa95c3-e992-5128-a10c-54dacf38d83f,carol@example.com,ebbbe19b-e08d-4957-9445-d81745a96a93,2024-05-03 00:31:00,tablet
d2dc44fd-3d3c-5690-be24-f7a2f9436702,alice@example.com,205ff413-6fbe-48d2-bd64-940cc37f5d75,2024-05-03 00:48:00,mobile
472307ba-a592-5b91-bdc9-19aaf4755fb3,bob@example.com,2bf45c25-da71-408a-981d-6cf14f47552d,2024-05-03 01:05:00,web
281b93ff-f576-599a-8098-10cdc29efc46,carol@example.com,5026f6d4-89be-4d29-b731-a91bb3f4779c,2024-05-03 01:22:00,desktop
fd655c01-1ae4-58cd-8a28-41896e4fc5bc,alice@example.com,e8ce0050-81f3-44d5-86d2-4154a1c1680e,2024-05-03 01:39:00,tablet
161da8e7-56af-592e-bb5a-f05500dd2733,bob@example.com,fac363f8-7da2-4d2d-9b19-d90be9bcefae,2024-05-03 01:56:00,mobile
15ef83e3-3d4c-5ee6-a429-d720c4339c16,carol@example.com,c25aba65-17ae-4f2e-a8a8-5aefa4e1348b,2024-05-03 02:13:00,web
e2c63f9c-1bc7-54d9-9ccd-682da58465d7,alice@example.com,e7f5cfb4-47eb-42cb-97ce-3b506274ec73,2024-05-03 02:30:00,desktop
55b39d7c-c4b9-5ed4-a41f-169d26f20ab3,bob@example.com,5deb4023-53b9-47f3-ab3d-b057ee4f953f,2024-05-03 02:47:00,tablet
9cc6f2c5-c104-531a-b6cb-09208156bc64,carol@example.com,629cdfb3-6122-4bba-bead-4c09f888efca,2024-05-03 03:04:00,mobile
6036c068-9c4c-51d0-82be-bf6548bd0dc2,alice@example.com,6fe2eadd-d236-4d28-806b-3bda9285fd0d,2024-05-03 03:21:00,web
6cd6b2ee-51db-505b-8d94-4be72983ba97,bob@example.com,65c5385c-55df-4e3f-83bd-73145528e14f,2024-05-03 03:38:00,desktop
b9ffb4f9-9d3e-5e25-aa85-ad32d7c31684,carol@example.com,6373694b-2bae-4bc1-89a3-8545441304c9,2024-05-03 03:55:00,tablet
897abb62-4930-5d3f-918f-5a84ba1cb9d4,alice@example.com,0e84d50e-aa9a-4365-bae9-7e8f870f0f02,2024-05-03 04:12:00,mobile
73805ca8-2bb6-5e27-b707-1ad1754d5e76,bob@example.com,8bf3a39b-40d4-4d03-8f83-0f5db88d4e69,2024-05-03 04:29:00,web
7e0d124c-f02c-5cf9-b312-de77eed69586,carol@example.com,a2bc017d-dd7d-489e-af9c-f1ca73ecfd52,2024-05-03 04:46:00,desktop
d2bee11a-ee93-5713-94e8-9db3bb07b964,alice@example.com,f7e0f54c-1be0-41f6-9f0f-f1885a41230c,2024-05-03 05:03:00,tablet
bf050f9d-f9a0-5a72-ae47-29f1e9e459e4,bob@example.com,340f4833-2e20-4ab8-b03d-91c8e7f230a3,2024-05-03 05:20:00,mobile
fa971848-8e72-57bb-87c8-16076b5f9534,carol@example.com,575d1039-43e5-4c38-9c7a-1566600491ff,2024-05-03 05:37:00,web
a2eabc47-1e5b-5c92-89db-0636ba69362c,alice@example.com,cc462b1f-b77d-4c4b-851f-ba3b65fa1331,2024-05-03 05:54:00,desktop
642d6b58-dabb-539f-866a-428307f547f1,bob@example.com,cdc72506-8355-4b48-9cd1-fd03828b1601,2024-05-03 06:11:00,tablet
732bd83b-f0ef-5e2c-8757-6232ce5a2d05,carol@example.com,bef779fc-0310-4c4c-85ef-1e4797b1dc9e,2024-05-03 06:28:00,mobile
16931051-6b2a-5a16-ae27-bb8cc7522535,alice@example.com,f3b7aba1-3d9b-4837-ba86-120ef1e7337f,2024-05-03 06:45:00,web
691e1e0c-921b-5e5d-8812-c9e2c3e9baba,bob@example.com,87b314ab-145c-4d4a-b661-0f35e48586ca,2024-05-03 07:02:00,desktop
49da812b-ef57-5cd2-bf5c-3ebeabcc8013,carol@example.com,9709c855-dfa2-4159-b0e4-deb078bfe1d7,2024-05-03 07:19:00,tablet
370fd510-f1d8-599a-9b65-38123439b610,alice@example.com,236bed16-209e-4f6c-bc8c-9ba685852787,2024-05-03 07:36:00,mobile
1b0736f4-14b4-5c7e-926b-b6b99e6beaaa,bob@example.com,a413deb8-5c2d-489b-98f8-7f1e61c5eeef,2024-05-03 07:53:00,web
a3856b08-4588-5e73-a337-c1c002bcb14d,carol@example.com,fd4fabfb-c7c1-4818-bd9d-ac546edaf784,2024-05-03 08:10:00,desktop
ee24e018-32ca-5c9e-a994-35697e09c23f,alice@example.com,6943fab7-444f-47a0-ae18-099125cfea02,2024-05-03 08:27:00,tablet
46ba0394-4ddc-53dd-b818-3811a2706a39,bob@example.com,1cecec99-53e1-4f43-894f-7976318b8929,2024-05-03 08:44:00,mobile
02b3f957-192c-556f-a234-2e9c85a05ab2,carol@example.com,8004fdd5-00dc-48c9-8635-8889fcb96040,2024-05-03 09:01:00,web
241a5b9e-7c36-5e25-943c-1f71af559365,alice@example.com,5fbabd7f-ca2b-4137-9826-f67866b923aa,2024-05-03 09:18:00,desktop
384f8a1c-a476-5f4f-b865-1b4d9fec8534,bob@example.com,9a73ddb9-4488-417b-b57f-4b9b7870e942,2024-05-03 09:35:00,tablet
8707c4d6-3569-57ce-a086-43207760f906,carol@example.com,6b8da6d9-fa26-49e4-90fb-8e677a808568,2024-05-03 09:52:00,mobile
0b0a2e48-2206-5eea-92eb-2b9d5dc97c62,alice@example.com,f08d8370-97d9-41a1-b4ff-5688515bd166,2024-05-03 10:09:00,web
290a0fe7-e3d0-5c79-8892-5069241cfd99,bob@example.com,aa233736-abb6-4a3a-b7fd-1135b2d0001c,2024-05-03 10:26:00,desktop
15f8e2ea-bdc0-5b79-9fbc-4a0c6007ba22,carol@example.com,2471d4ec-4faf-4569-928b-5f098103fae8,2024-05-03 10:43:00,tablet
250903e5-5c2a-53e4-9f7c-2afeaee93983,alice@example.com,bea00600-c226-4216-96bc-4a487f4de7cf,2024-05-03 11:00:00,mobile
4cf1101b-3eb3-57eb-b952-e68080eca8cf,bob@example.com,520a09bc-4cb9-452f-9a50-703b0c5637fd,2024-05-03 11:17:00,web
9fcbe427-895e-50b7-9582-43447e28ee4e,carol@example.com,f9cd1c97-badb-4050-ae4f-b562a64705a8,2024-05-03 11:34:00,desktop
6de97667-107e-5e0d-b5e4-ada945216a7b,alice@example.com,354e571e-c6a4-442a-93c0-247e8d66c1c0,2024-05-03 11:51:00,tablet
07a9d38f-7a98-57b9-b2a7-c222783db6b4,bob@example.com,c957a63a-1332-4a5c-bb6f-e116a45becb5,2024-05-03 12:08:00,mobile
bf6f3ee9-f430-52d8-a087-658e410e4021,carol@example.com,b0700595-a0c0-4151-b7fd-12b046ebc9df,2024-05-03 12:25:00,web
621aa940-b590-540c-9d7e-368827927f4a,alice@example.com,16947d2b-8a0d-4ee7-aa38-042a05adb975,2024-05-03 12:42:00,desktop
4a56ad1a-9046-5796-b4ec-5fa6520a79c4,bob@example.com,46cc019b-ff17-496a-866a-2b4932600910,2024-05-03 12:59:00,tablet
2e207790-664d-5a4b-a047-bdb6c809867e,carol@example.com,ebbbe19b-e08d-4957-9445-d81745a96a93,2024-05-03 13:16:00,mobile
2f03a3c0-7a63-5e7b-befe-07ae3768ec55,alice@example.com,205ff413-6fbe-48d2-bd64-940cc37f5d75,2024-05-03 13:33:00,web
c47d3f2a-649a-56a8-935f-e1425323f01b,bob@example.com,2bf45c25-da71-408a-981d-6cf14f47552d,2024-05-03 13:50:00,desktop
f93e1850-16de-528c-984b-c26b3453332d,carol@example.com,5026f6d4-89be-4d29-b731-a91bb3f4779c,2024-05-03 14:07:00,tablet
8c8ec449-dd0a-598e-8804-62c0cf7330dd,alice@example.com,e8ce0050-81f3-44d5-86d2-4154a1c1680e,2024-05-03 14:24:00,mobile
0a89eae5-41bf-516a-b83c-746cd2eec7e1,bob@example.com,fac363f8-7da2-4d2d-9b19-d90be9bcefae,2024-05-03 14:41:00,web
899ec4c8-cd98-5a46-94f6-2fd2ddec6035,carol@example.com,c25aba65-17ae-4f2e-a8a8-5aefa4e1348b,2024-05-03 14:58:00,desktop
17f8ff61-4bd1-55b4-9131-822f00a1bbe3,alice@example.com,e7f5cfb4-47eb-42cb-97ce-3b506274ec73,2024-05-03 15:15:00,tablet
aad82daf-65da-5bea-b029-d59bccd09a07,bob@example.com,5deb4023-53b9-47f3-ab3d-b057ee4f953f,2024-05-03 15:32:00,mobile
7f2ee209-5260-5ca0-8933-f8edd1227f65,carol@example.com,629cdfb3-6122-4bba-bead-4c09f888efca,2024-05-03 15:49:00,web
739f8773-948d-5c8d-86fe-cb5f210a7aaa,alice@example.com,6fe2eadd-d236-4d28-806b-3bda9285fd0d,2024-05-03 16:06:00,desktop
b019be63-0a0b-5c1d-bb83-b4d9d441d52f,bob@example.com,65c5385c-55df-4e3f-83bd-73145528e14f,2024-05-03 16:23:00,tablet
f16391c2-3217-5201-9f67-c9b78b28c65e,carol@example.com,6373694b-2bae-4bc1-89a3-8545441304c9,2024-05-03 16:40:00,mobile
63bce392-7b01-5f71-8128-d1729837733a,alice@example.com,0e84d50e-aa9a-4365-bae9-7e8f870f0f02,2024-05-03 16:57:00,web
72098edd-8bb4-5aa0-afc8-06a198b3533d,bob@example.com,8bf3a39b-40d4-4d03-8f83-0f5db88d4e69,2024-05-03 17:14:00,desktop
248c8f53-f09f-579b-b7c4-4e0ce67a0e93,carol@example.com,a2bc017d-dd7d-489e-af9c-f1ca73ecfd52,2024-05-03 17:31:00,tablet
b3b1e32b-1a07-5551-80ae-1cf7703facf5,alice@example.com,f7e0f54c-1be0-41f6-9f0f-f1885a41230c,2024-05-03 17:48:00,mobile
7c5358e0-496f-55f5-8c61-524191d708fa,bob@example.com,340f4833-2e20-4ab8-b03d-91c8e7f230a3,2024-05-03 18:05:00,web
53893d17-58ac-5d1b-a254-6329ab62cd08,carol@example.com,575d1039-43e5-4c38-9c7a-1566600491ff,2024-05-03 18:22:00,desktop
3dde64e6-544d-5076-b316-6dfcc8aa8b6b,alice@example.com,cc462b1f-b77d-4c4b-851f-ba3b65fa1331,2024-05-03 18:39:00,tablet
f81dd76a-f614-59a1-b9c4-5da1a7834acb,bob@example.com,cdc72506-8355-4b48-9cd1-fd03828b1601,2024-05-03 18:56:00,mobile
4a84fdcb-10e8-5474-b7d0-17ef8f62d8b1,carol@example.com,bef779fc-0310-4c4c-85ef-1e4797b1dc9e,2024-05-03 19:13:00,web
6e16a732-e242-5344-b319-8bc042ef3461,alice@example.com,f3b7aba1-3d9b-4837-ba86-120ef1e7337f,2024-05-03 19:30:00,desktop
007c6961-ea64-5a6d-a25a-5c9e629ea4f6,bob@example.com,87b314ab-145c-4d4a-b661-0f35e48586ca,2024-05-03 19:47:00,tablet
b1d03005-41fc-5c91-92b7-acd829a6b9ec,carol@example.com,9709c855-dfa2-4159-b0e4-deb078bfe1d7,2024-05-03 20:04:00,mobile
d46fec13-9324-5bff-80d0-591dce79ab37,alice@example.com,236bed16-209e-4f6c-bc8c-9ba685852787,2024-05-03 20:21:00,web
5f6f1399-39f9-5d3e-a6ae-e4e043bbb120,bob@example.com,a413deb8-5c2d-489b-98f8-7f1e61c5eeef,2024-05-03 20:38:00,desktop
f6d7c29c-f39c-5fef-91f4-daede76b6a33,carol@example.com,fd4fabfb-c7c1-4818-bd9d-ac546edaf784,2024-05-03 20:55:00,tablet
77f76638-13c1-5e41-a4c0-a55a8b661b4e,alice@example.com,6943fab7-444f-47a0-ae18-099125cfea02,2024-05-03 21:12:00,mobile
1cc7fc51-38ed-52c9-90be-b5283b810b60,bob@example.com,1cecec99-53e1-4f43-894f-7976318b8929,2024-05-03 21:29:00,web
e8040654-ca0a-58bb-a039-d4f0c4e5e1ee,carol@example.com,8004fdd5-00dc-48c9-8635-8889fcb96040,2024-05-03 21:46:00,desktop
5471a255-bb02-58aa-9d88-be1e1e727281,alice@example.com,5fbabd7f-ca2b-4137-9826-f67866b923aa,2024-05-03 22:03:00,tablet
8de196a1-fb52-58bf-b669-0a17e08a7113,bob@example.com,9a73ddb9-4488-417b-b57f-4b9b7870e942,2024-05-03 22:20:00,mobile
9d51db32-ce85-593d-b0fa-1b724046e82f,carol@example.com,6b8da6d9-fa26-49e4-90fb-8e677a808568,2024-05-03 22:37:00,web
c0e7fd9e-aa09-5e19-9cf8-01f82319dd65,alice@example.com,f08d8370-97d9-41a1-b4ff-5688515bd166,2024-05-03 22:54:00,desktop
4b366c74-46fe-588b-80a3-449b8a13b1cb,bob@example.com,aa233736-abb6-4a3a-b7fd-1135b2d0001c,2024-05-03 23:11:00,tablet
ed253da1-9b94-5b20-aaa1-5065c845c3f9,carol@example.com,2471d4ec-4faf-4569-928b-5f098103fae8,2024-05-03 23:28:00,mobile
38baa799-00e6-52e9-8ed0-edbb0fe8b201,alice@example.com,bea00600-c226-4216-96bc-4a487f4de7cf,2024-05-03 23:45:00,web
c0eec4fe-c9de-5a87-a208-508c8707d4d1,bob@example.com,520a09bc-4cb9-452f-9a50-703b0c5637fd,2024-05-04 00:02:00,desktop
d0233ffe-d780-5c19-b3e3-8b65827c45bf,carol@example.com,f9cd1c97-badb-4050-ae4f-b562a64705a8,2024-05-04 00:19:00,tablet
738d3d50-dd2c-573f-b152-19b37024073d,alice@example.com,354e571e-c6a4-442a-93c0-247e8d66c1c0,2024-05-04 00:36:00,mobile
ccb9b5a6-0070-5033-bf22-159a73b3cc2a,bob@example.com,c957a63a-1332-4a5c-bb6f-e116a45becb5,2024-05-04 00:53:00,web
4813f733-f7dc-576d-a661-eec5e6672b3a,carol@example.com,b0700595-a0c0-4151-b7fd-12b046ebc9df,2024-05-04 01:10:00,desktop
ffaba085-4e92-5d32-a6d6-57d4bc5c27a3,alice@example.com,16947d2b-8a0d-4ee7-aa38-042a05adb975,2024-05-04 01:27:00,tablet
3eddb834-4a5a-5bb5-be40-8417d35accbe,bob@example.com,46cc019b-ff17-496a-866a-2b4932600910,2024-05-04 01:44:00,mobile
edd942a7-d451-5995-b37c-bbaea3d24ba5,carol@example.com,ebbbe19b-e08d-4957-9445-d81745a96a93,2024-05-04 02:01:00,web
deb06474-e2f6-57f7-a725-537b1cf54d51,alice@example.com,205ff413-6fbe-48d2-bd64-940cc37f5d75,2024-05-04 02:18:00,desktop
086d4c11-d459-543d-aff1-8a844184f094,bob@example.com,2bf45c25-da71-408a-981d-6cf14f47552d,2024-05-04 02:35:00,tablet
a9a27943-3701-5609-9a2e-e8f916bf7693,carol@example.com,5026f6d4-89be-4d29-b731-a91bb3f4779c,2024-05-04 02:52:00,mobile
22dec29c-f7d9-5ce1-95c8-436731e86a46,alice@example.com,e8ce0050-81f3-44d5-86d2-4154a1c1680e,2024-05-04 03:09:00,web
f88c48ce-35b9-5b2f-8532-d1ab78a58ef7,bob@example.com,fac363f8-7da2-4d2d-9b19-d90be9bcefae,2024-05-04 03:26:00,desktop
55944ea5-0ea8-53e2-ac56-ea7ee02d3a98,carol@example.com,c25aba65-17ae-4f2e-a8a8-5aefa4e1348b,2024-05-04 03:43:00,tablet
993ebbc1-9853-57a2-850b-fadda4f11a77,alice@example.com,e7f5cfb4-47eb-42cb-97ce-3b506274ec73,2024-05-04 04:00:00,mobile
a8fc61cf-7443-5206-ba26-531922ee499d,bob@example.com,5deb4023-53b9-47f3-ab3d-b057ee4f953f,2024-05-04 04:17:00,web
ae542941-f57e-5b54-999b-1f8d42f4b944,carol@example.com,629cdfb3-6122-4bba-bead-4c09f888efca,2024-05-04 04:34:00,desktop
765e89f3-5fc7-55ef-ab33-a5ce7678391d,alice@example.com,6fe2eadd-d236-4d28-806b-3bda9285fd0d,2024-05-04 04:51:00,tablet
1f3292f9-6ac2-5224-b102-5be213c65f1a,bob@example.com,65c5385c-55df-4e3f-83bd-73145528e14f,2024-05-04 05:08:00,mobile
eb286c27-7925-5a86-b1cb-7669bc48d4f5,carol@example.com,6373694b-2bae-4bc1-89a3-8545441304c9,2024-05-04 05:25:00,web
2bbeec3e-e9a4-55c1-8070-4191ef432187,alice@example.com,0e84d50e-aa9a-4365-bae9-7e8f870f0f02,2024-05-04 05:42:00,desktop
264dc840-0e68-59d1-acf3-7f60adba4aba,bob@example.com,8bf3a39b-40d4-4d03-8f83-0f5db88d4e69,2024-05-04 05:59:00,tablet
33062d2a-18d1-5616-b56a-31e0ebe20f83,carol@example.com,a2bc017d-dd7d-489e-af9c-f1ca73ecfd52,2024-05-04 06:16:00,mobile
152daf5c-2727-57d9-871c-701078ecf6ec,alice@example.com,f7e0f54c-1be0-41f6-9f0f-f1885a41230c,2024-05-04 06:33:00,web
ca858ba8-b731-55fe-b621-ccd69d6601ff,bob@example.com,340f4833-2e20-4ab8-b03d-91c8e7f230a3,2024-05-04 06:50:00,desktop
d199af48-f35f-5aff-b09b-7bd59f728c24,carol@example.com,575d1039-43e5-4c38-9c7a-1566600491ff,2024-05-04 07:07:00,tablet
0e490a75-d713-51ec-bd76-f8405e8202b5,alice@example.com,cc462b1f-b77d-4c4b-851f-ba3b65fa1331,2024-05-04 07:24:00,mobile
f770096f-42e1-5203-b5d3-d53cc332af20,bob@example.com,cdc72506-8355-4b48-9cd1-fd03828b1601,2024-05-04 07:41:00,web
05e8ad0c-46b1-5dd5-b534-558f7795045f,carol@example.com,bef779fc-0310-4c4c-85ef-1e4797b1dc9e,2024-05-04 07:58:00,desktop
3fb62360-24ad-5e9a-8d22-6e8a85da39be,alice@example.com,f3b7aba1-3d9b-4837-ba86-120ef1e7337f,2024-05-04 08:15:00,tablet
7c401d02-45a5-5d55-9ba3-b91dff551a43,bob@example.com,87b314ab-145c-4d4a-b661-0f35e48586ca,2024-05-04 08:32:00,mobile
6058fcbd-40cf-5519-9158-c316c5d6e8da,carol@example.com,9709c855-dfa2-4159-b0e4-deb078bfe1d7,2024-05-04 08:49:00,web
515ddc89-bc20-5383-b969-67740c9894e3,alice@example.com,236bed16-209e-4f6c-bc8c-9ba685852787,2024-05-04 09:06:00,desktop
bef3d960-b1d6-57b1-95f0-55041d478df8,bob@example.com,a413deb8-5c2d-489b-98f8-7f1e61c5eeef,2024-05-04 09:23:00,tablet
18cd0b4f-ef41-50bc-8490-feb3a378e27a,carol@example.com,fd4fabfb-c7c1-4818-bd9d-ac546edaf784,2024-05-04 09:40:00,mobile
92f68e90-1441-57e2-b647-bad1b048e33c,alice@example.com,6943fab7-444f-47a0-ae18-099125cfea02,2024-05-04 09:57:00,web
b94097a5-7f3b-5d71-8fb3-7d820110073c,bob@example.com,1cecec99-53e1-4f43-894f-7976318b8929,2024-05-04 10:14:00,desktop
8c1607e7-c412-58b5-9a56-7c1f1b4f7f10,carol@example.com,8004fdd5-00dc-48c9-8635-8889fcb96040,2024-05-04 10:31:00,tablet
3b0e9ae9-9400-5925-8967-20c547b769c8,alice@example.com,5fbabd7f-ca2b-4137-9826-f67866b923aa,2024-05-04 10:48:00,mobile
62389d40-1f7e-51dd-93a8-8f4e39e6a555,bob@example.com,9a73ddb9-4488-417b-b57f-4b9b7870e942,2024-05-04 11:05:00,web
e68608c1-3c98-550b-bdc1-8a0398a88cbe,carol@example.com,6b8da6d9-fa26-49e4-90fb-8e677a808568,2024-05-04 11:22:00,desktop
2644a36b-465e-52be-acc1-ebf0c9e60fa4,alice@example.com,f08d8370-97d9-41a1-b4ff-5688515bd166,2024-05-04 11:39:00,tablet
ccfef148-9f9b-5f25-97b0-faeba61ebb05,bob@example.com,aa233736-abb6-4a3a-b7fd-1135b2d0001c,2024-05-04 11:56:00,mobile
c5b16534-050b-5b09-b531-87f5fede2723,carol@example.com,2471d4ec-4faf-4569-928b-5f098103fae8,2024-05-04 12:13:00,web
d41c75a8-83e9-5cb9-852d-1013fa7a74a0,alice@example.com,bea00600-c226-4216-96bc-4a487f4de7cf,2024-05-04 12:30:00,desktop
6b6021be-77ba-5f37-8f8a-98eed85f6a7e,bob@example.com,520a09bc-4cb9-452f-9a50-703b0c5637fd,2024-05-04 12:47:00,tablet
a5a6065d-889b-5a75-a6d7-2173182b88c1,carol@example.com,f9cd1c97-badb-4050-ae4f-b562a64705a8,2024-05-04 13:04:00,mobile
9265ce29-2d75-5ba8-ad14-175fc35563e1,alice@example.com,354e571e-c6a4-442a-93c0-247e8d66c1c0,2024-05-04 13:21:00,web
6494e69b-1928-5417-92f0-d981652367c6,bob@example.com,c957a63a-1332-4a5c-bb6f-e116a45becb5,2024-05-04 13:38:00,desktop
048869f6-1f23-5185-bcfe-5d948ae27840,carol@example.com,b0700595-a0c0-4151-b7fd-12b046ebc9df,2024-05-04 13:55:00,tablet
287d6a44-f2a8-58d4-aa57-4693b6676043,alice@example.com,16947d2b-8a0d-4ee7-aa38-042a05adb975,2024-05-04 14:12:00,mobile
44ebb229-1fac-5f1b-9292-1e5b3d9cceca,bob@example.com,46cc019b-ff17-496a-866a-2b4932600910,2024-05-04 14:29:00,web
03dc0a4e-50a5-51cf-adbd-49492b486a80,carol@example.com,ebbbe19b-e08d-4957-9445-d81745a96a93,2024-05-04 14:46:00,desktop
4fcb8e3f-0ea6-5e2f-9171-2f255ae36ccd,alice@example.com,205ff413-6fbe-48d2-bd64-940cc37f5d75,2024-05-04 15:03:00,tablet
0d0eb174-da99-565b-8fd9-476650ce022d,bob@example.com,2bf45c25-da71-408a-981d-6cf14f47552d,2024-05-04 15:20:00,mobile
df2d4ae7-debe-5f87-bc7f-d9966c77eeef,carol@example.com,5026f6d4-89be-4d29-b731-a91bb3f4779c,2024-05-04 15:37:00,web
e034d9d4-af07-5358-afb8-19b43f02221f,alice@example.com,e8ce0050-81f3-44d5-86d2-4154a1c1680e,2024-05-04 15:54:00,desktop
a83a002c-88f2-5002-82e6-4431fcc3dbb5,bob@example.com,fac363f8-7da2-4d2d-9b19-d90be9bcefae,2024-05-04 16:11:00,tablet
8cae9575-3c5b-50e8-92a3-99121d0dcaf0,carol@example.com,c25aba65-17ae-4f2e-a8a8-5aefa4e1348b,2024-05-04 16:28:00,mobile
e4fc7991-9264-57b4-ac31-2f2cc09a81a5,alice@example.com,e7f5cfb4-47eb-42cb-97ce-3b506274ec73,2024-05-04 16:45:00,web
90b572b7-bec7-5b0e-a696-6883d32ca57f,bob@example.com,5deb4023-53b9-47f3-ab3d-b057ee4f953f,2024-05-04 17:02:00,desktop
0fa9459c-c21b-5a7f-be02-845a93c85308,carol@example.com,629cdfb3-6122-4bba-bead-4c09f888efca,2024-05-04 17:19:00,tablet
9595fa6e-84eb-586b-80b5-10a75fefd7c9,alice@example.com,6fe2eadd-d236-4d28-806b-3bda9285fd0d,2024-05-04 17:36:00,mobile
ab53dec3-4e3d-5edc-8324-c1269786d925,bob@example.com,65c5385c-55df-4e3f-83bd-73145528e14f,2024-05-04 17:53:00,web
d8050db0-8520-5fd5-82a0-a5ae0c000f5f,carol@example.com,6373694b-2bae-4bc1-89a3-8545441304c9,2024-05-04 18:10:00,desktop
7d7d296e-dcd6-5eeb-9040-852e9f89ef2c,alice@example.com,0e84d50e-aa9a-4365-bae9-7e8f870f0f02,2024-05-04 18:27:00,tablet
ea0f1fee-0ee6-5a82-86e2-3dda337bd5af,bob@example.com,8bf3a39b-40d4-4d03-8f83-0f5db88d4e69,2024-05-04 18:44:00,mobile
736ce83a-5dfa-5cdd-bc7b-2f19d345184b,carol@example.com,a2bc017d-dd7d-489e-af9c-f1ca73ecfd52,2024-05-04 19:01:00,web
6062a339-de4f-5d23-b2e5-4b17e44f050c,alice@example.com,f7e0f54c-1be0-41f6-9f0f-f1885a41230c,2024-05-04 19:18:00,desktop
efdac540-0cd9-5274-a8b2-907ba72b124f,bob@example.com,340f4833-2e20-4ab8-b03d-91c8e7f230a3,2024-05-04 19:35:00,tablet
6809c734-3fcc-5baa-a3d8-7bac33250e2a,carol@example.com,575d1039-43e5-4c38-9c7a-1566600491ff,2024-05-04 19:52:00,mobile
3394dc72-acb1-5149-8c79-712a583dab5d,alice@example.com,cc462b1f-b77d-4c4b-851f-ba3b65fa1331,2024-05-04 20:09:00,web
415b0a02-ca11-5a96-9749-df6063e719dc,bob@example.com,cdc72506-8355-4b48-9cd1-fd03828b1601,2024-05-04 20:26:00,desktop
b56efeeb-cffa-5f5a-8c11-66f5bd958ea7,carol@example.com,bef779fc-0310-4c4c-85ef-1e4797b1dc9e,2024-05-04 20:43:00,tablet
7600f2d2-8bc6-5fb4-83fa-8024f358500c,alice@example.com,f3b7aba1-3d9b-4837-ba86-120ef1e7337f,2024-05-04 21:00:00,mobile
59877807-f811-5bf0-ab04-e3b12e87d8dd,bob@example.com,87b314ab-145c-4d4a-b661-0f35e48586ca,2024-05-04 21:17:00,web
df2f9393-a455-5270-94fe-88347190d5df,carol@example.com,9709c855-dfa2-4159-b0e4-deb078bfe1d7,2024-05-04 21:34:00,desktop
6d11b178-6055-5ba7-9f53-bb8d41cc36b2,alice@example.com,236bed16-209e-4f6c-bc8c-9ba685852787,2024-05-04 21:51:00,tablet
f934e474-7986-5a70-81f1-fd36727c5c0c,bob@example.com,a413deb8-5c2d-489b-98f8-7f1e61c5eeef,2024-05-04 22:08:00,mobile
0b9c9a85-1d65-523f-9987-39970b4bda21,carol@example.com,fd4fabfb-c7c1-4818-bd9d-ac546edaf784,2024-05-04 22:25:00,web
debc1da1-62b8-509d-807f-fbca61953b8e,alice@example.com,6943fab7-444f-47a0-ae18-099125cfea02,2024-05-04 22:42:00,desktop
714059e6-e014-5f07-ac22-3e65873b7495,bob@example.com,1cecec99-53e1-4f43-894f-7976318b8929,2024-05-04 22:59:00,tablet
3ebe9a9f-d61a-5230-bcc9-4268e5a3e359,carol@example.com,8004fdd5-00dc-48c9-8635-8889fcb96040,2024-05-04 23:16:00,mobile
21275d96-6bd8-558e-968e-6132e3517b03,alice@example.com,5fbabd7f-ca2b-4137-9826-f67866b923aa,2024-05-04 23:33:00,web
21f65153-0ebd-5d6c-9a04-f45d5a27928f,bob@example.com,9a73ddb9-4488-417b-b57f-4b9b7870e942,2024-05-04 23:50:00,desktop
86137a9c-5678-5ea0-b264-4a23ce381baf,carol@example.com,6b8da6d9-fa26-49e4-90fb-8e677a808568,2024-05-05 00:07:00,tablet
979d08d8-a9d2-543e-a915-294f1830d835,alice@example.com,f08d8370-97d9-41a1-b4ff-5688515bd166,2024-05-05 00:24:00,mobile
f7ec4941-13c7-584a-85c7-440d4271e83b,bob@example.com,aa233736-abb6-4a3a-b7fd-1135b2d0001c,2024-05-05 00:41:00,web
d8c3aa1f-48e1-5829-85b0-b51a4a893f80,carol@example.com,2471d4ec-4faf-4569-928b-5f098103fae8,2024-05-05 00:58:00,desktop
58d639ce-18d0-5da3-8230-52ac1251af3c,alice@example.com,bea00600-c226-4216-96bc-4a487f4de7cf,2024-05-05 01:15:00,tablet
0d78641a-c0ed-5d00-8729-1a6bd5550cc6,bob@example.com,520a09bc-4cb9-452f-9a50-703b0c5637fd,2024-05-05 01:32:00,mobile
857081cc-163e-556a-9527-074859326b7c,carol@example.com,f9cd1c97-badb-4050-ae4f-b562a64705a8,2024-05-05 01:49:00,web
98d02fd0-ca61-53ee-936b-40307bb574b0,alice@example.com,354e571e-c6a4-442a-93c0-247e8d66c1c0,2024-05-05 02:06:00,desktop
e3bf82c1-23e3-5aaa-8a1c-c765d5c8f4fd,bob@example.com,c957a63a-1332-4a5c-bb6f-e116a45becb5,2024-05-05 02:23:00,tablet
e41d263f-7b58-54a9-bc64-bf51b75bd452,carol@example.com,b0700595-a0c0-4151-b7fd-12b046ebc9df,2024-05-05 02:40:00,mobile
c816d6aa-ed46-5bfc-9610-90dce270fd44,alice@example.com,16947d2b-8a0d-4ee7-aa38-042a05adb975,2024-05-05 02:57:00,web
d522e9f2-a84f-502a-8133-ea5b67530b07,bob@example.com,46cc019b-ff17-496a-866a-2b4932600910,2024-05-05 03:14:00,desktop
fd9e8f11-6734-5525-b78b-2763cf666adf,carol@example.com,ebbbe19b-e08d-4957-9445-d81745a96a93,2024-05-05 03:31:00,tablet
a1d93de8-4007-5d19-8036-0db0e173c988,alice@example.com,205ff413-6fbe-48d2-bd64-940cc37f5d75,2024-05-05 03:48:00,mobile
c4d6dd1b-f005-5f30-9478-9c7f1396a085,bob@example.com,2bf45c25-da71-408a-981d-6cf14f47552d,2024-05-05 04:05:00,web
88f7d7bd-bc69-5228-979a-6e626364701e,carol@example.com,5026f6d4-89be-4d29-b731-a91bb3f4779c,2024-05-05 04:22:00,desktop
0f01b10d-84ea-5345-8a05-e61e7c43a25e,alice@example.com,e8ce0050-81f3-44d5-86d2-4154a1c1680e,2024-05-05 04:39:00,tablet
6321c5c5-c9a3-5632-9850-57d62826f0be,bob@example.com,fac363f8-7da2-4d2d-9b19-d90be9bcefae,2024-05-05 04:56:00,mobile
50f82c8e-aea5-5a5c-bccc-2a01728647d5,carol@example.com,c25aba65-17ae-4f2e-a8a8-5aefa4e1348b,2024-05-05 05:13:00,web
31ce6e61-cd9a-5734-8c73-6c7802cc261b,alice@example.com,e7f5cfb4-47eb-42cb-97ce-3b506274ec73,2024-05-05 05:30:00,desktop
46da2838-e045-5ac5-aa95-7a33963c5408,bob@example.com,5deb4023-53b9-47f3-ab3d-b057ee4f953f,2024-05-05 05:47:00,tablet
4e5a360a-8596-5b1b-b281-7fbb7d9303e9,carol@example.com,629cdfb3-6122-4bba-bead-4c09f888efca,2024-05-05 06:04:00,mobile
ba86c76b-b4d5-5a29-824b-8713428d72c2,alice@example.com,6fe2eadd-d236-4d28-806b-3bda9285fd0d,2024-05-05 06:21:00,web
58c19771-5184-5a34-b088-5f5a5c9930d4,bob@example.com,65c5385c-55df-4e3f-83bd-73145528e14f,2024-05-05 06:38:00,desktop
e063e861-dd68-5861-81fb-edded5320d20,carol@example.com,6373694b-2bae-4bc1-89a3-8545441304c9,2024-05-05 06:55:00,tablet
08c83a09-a255-5651-8ed7-231dcaca27c3,alice@example.com,0e84d50e-aa9a-4365-bae9-7e8f870f0f02,2024-05-05 07:12:00,mobile
445b8422-6a69-5b89-ab6a-03022f04fd41,bob@example.com,8bf3a39b-40d4-4d03-8f83-0f5db88d4e69,2024-05-05 07:29:00,web
0f4feff3-fb48-53b2-ae81-d2af946dfc30,carol@example.com,a2bc017d-dd7d-489e-af9c-f1ca73ecfd52,2024-05-05 07:46:00,desktop
e8dc7435-a80b-5f1e-8fcb-7fa1dccf20bf,alice@example.com,f7e0f54c-1be0-41f6-9f0f-f1885a41230c,2024-05-05 08:03:00,tablet
67b6e064-a25e-5969-ae7c-9ba61c5aabcb,bob@example.com,340f4833-2e20-4ab8-b03d-91c8e7f230a3,2024-05-05 08:20:00,mobile
932cecd7-f06f-569b-b411-cfa1224e15c1,carol@example.com,575d1039-43e5-4c38-9c7a-1566600491ff,2024-05-05 08:37:00,web
41be55ad-99e4-560b-81c7-8766a1a6d893,alice@example.com,cc462b1f-b77d-4c4b-851f-ba3b65fa1331,2024-05-05 08:54:00,desktop
01486c24-fd32-5070-97e9-c5395850cfdc,bob@example.com,cdc72506-8355-4b48-9cd1-fd03828b1601,2024-05-05 09:11:00,tablet
e3bc1ecc-01d0-55d4-8f97-749912a5d7f8,carol@example.com,bef779fc-0310-4c4c-85ef-1e4797b1dc9e,2024-05-05 09:28:00,mobile
7f726fa2-d04d-5d60-8dae-b7fa6d13b9d0,alice@example.com,f3b7aba1-3d9b-4837-ba86-120ef1e7337f,2024-05-05 09:45:00,web
ec785db7-f01c-5997-bf2b-d2553ac5cf25,bob@example.com,87b314ab-145c-4d4a-b661-0f35e48586ca,2024-05-05 10:02:00,desktop
a810918b-24e3-5df4-a24a-88a07de8bd7a,carol@example.com,9709c855-dfa2-4159-b0e4-deb078bfe1d7,2024-05-05 10:19:00,tablet
bcfb2852-4892-5e89-ae2e-c780518d59c9,alice@example.com,236bed16-209e-4f6c-bc8c-9ba685852787,2024-05-05 10:36:00,mobile
5c969150-4d4a-55c6-b46a-2da9261b2713,bob@example.com,a413deb8-5c2d-489b-98f8-7f1e61c5eeef,2024-05-05 10:53:00,web
b5332f00-2a9d-525f-bd80-b9e280811c0e,carol@example.com,fd4fabfb-c7c1-4818-bd9d-ac546edaf784,2024-05-05 11:10:00,desktop
9ca8043b-99b1-5b53-9b10-05535f012218,alice@example.com,6943fab7-444f-47a0-ae18-099125cfea02,2024-05-05 11:27:00,tablet
84115e9c-1519-557b-86ff-15d1f97e5f8d,bob@example.com,1cecec99-53e1-4f43-894f-7976318b8929,2024-05-05 11:44:00,mobile
2f795483-1676-5d1c-b018-a677c47d851b,carol@example.com,8004fdd5-00dc-48c9-8635-8889fcb96040,2024-05-05 12:01:00,web
52de08dc-0ca8-5cb0-8e31-6f86d34b886d,alice@example.com,5fbabd7f-ca2b-4137-9826-f67866b923aa,2024-05-05 12:18:00,desktop
2525b9e5-84a7-5de5-9a2a-36ee52d3efbf,bob@example.com,9a73ddb9-4488-417b-b57f-4b9b7870e942,2024-05-05 12:35:00,tablet
31b039b5-459a-5193-8484-985ee0d5676a,carol@example.com,6b8da6d9-fa26-49e4-90fb-8e677a808568,2024-05-05 12:52:00,mobile
da0bcfef-e9c2-55ad-83f5-0fe8f970d6d0,alice@example.com,f08d8370-97d9-41a1-b4ff-5688515bd166,2024-05-05 13:09:00,web
937d21f2-40ff-5ffe-aa54-b3f9d619ced5,bob@example.com,aa233736-abb6-4a3a-b7fd-1135b2d0001c,2024-05-05 13:26:00,desktop
7ff69289-051c-5bd2-a897-24fa3a407255,carol@example.com,2471d4ec-4faf-4569-928b-5f098103fae8,2024-05-05 13:43:00,tablet
ae819969-7e9a-5ae1-a559-713b3b184597,alice@example.com,bea00600-c226-4216-96bc-4a487f4de7cf,2024-05-05 14:00:00,mobile
3bae4dc7-8fe6-5e75-9ce0-d5432528c8d0,bob@example.com,520a09bc-4cb9-452f-9a50-703b0c5637fd,2024-05-05 14:17:00,web
8b0f2ceb-3551-558b-9d10-8d74809363fa,carol@example.com,f9cd1c97-badb-4050-ae4f-b562a64705a8,2024-05-05 14:34:00,desktop
71231145-2785-5b2d-90d6-ce018b51a31f,alice@example.com,354e571e-c6a4-442a-93c0-247e8d66c1c0,2024-05-05 14:51:00,tablet
f067f65a-50dd-5cc2-b1d7-0c5d72c7cac8,bob@example.com,c957a63a-1332-4a5c-bb6f-e116a45becb5,2024-05-05 15:08:00,mobile
3fbb57c0-46f6-5c53-a377-eb01ed706b0a,carol@example.com,b0700595-a0c0-4151-b7fd-12b046ebc9df,2024-05-05 15:25:00,web
3e95c1dc-2b0b-52ba-b218-a37c9f996798,alice@example.com,16947d2b-8a0d-4ee7-aa38-042a05adb975,2024-05-05 15:42:00,desktop
23343920-0cc3-5351-817e-4ded139a13d6,bob@example.com,46cc019b-ff17-496a-866a-2b4932600910,2024-05-05 15:59:00,tablet
48f689b9-e8a8-548b-9854-0c6ed4503a37,carol@example.com,ebbbe19b-e08d-4957-9445-d81745a96a93,2024-05-05 16:16:00,mobile
ef7971f6-f443-5f33-a6cc-e17abef0e913,alice@example.com,205ff413-6fbe-48d2-bd64-940cc37f5d75,2024-05-05 16:33:00,web
7d7ecdc8-892d-5524-9c05-dc53a7943a12,bob@example.com,2bf45c25-da71-408a-981d-6cf14f47552d,2024-05-05 16:50:00,desktop
817ffab3-31ca-5227-a545-8e0624aa4395,carol@example.com,5026f6d4-89be-4d29-b731-a91bb3f4779c,2024-05-05 17:07:00,tablet
a0404ddc-743b-5b85-8b3f-b85e18076860,alice@example.com,e8ce0050-81f3-44d5-86d2-4154a1c1680e,2024-05-05 17:24:00,mobile
efaad40b-d820-5482-a3b8-cda3ddd2cb55,bob@example.com,fac363f8-7da2-4d2d-9b19-d90be9bcefae,2024-05-05 17:41:00,web
10136ceb-3daa-5bf4-b3e5-add6aef86ada,carol@example.com,c25aba65-17ae-4f2e-a8a8-5aefa4e1348b,2024-05-05 17:58:00,desktop
41243e22-13e6-522d-b63c-a639234b9096,alice@example.com,e7f5cfb4-47eb-42cb-97ce-3b506274ec73,2024-05-05 18:15:00,tablet
3408733c-c738-5a20-adc2-cb23927a7369,bob@example.com,5deb4023-53b9-47f3-ab3d-b057ee4f953f,2024-05-05 18:32:00,mobile
9cac3e3a-d201-5a99-b701-baa8a8389caf,carol@example.com,629cdfb3-6122-4bba-bead-4c09f888efca,2024-05-05 18:49:00,web
0f1cb193-6a34-532f-839b-4a296755c3fc,alice@example.com,6fe2eadd-d236-4d28-806b-3bda9285fd0d,2024-05-05 19:06:00,desktop
2117a569-e428-5460-8ec7-c7db3c89a1cf,bob@example.com,65c5385c-55df-4e3f-83bd-73145528e14f,2024-05-05 19:23:00,tablet
a080fce2-5ca3-5f88-a8d8-d472427f929b,carol@example.com,6373694b-2bae-4bc1-89a3-8545441304c9,2024-05-05 19:40:00,mobile
6f61a341-7096-560e-bd34-6a23a637f373,alice@example.com,0e84d50e-aa9a-4365-bae9-7e8f870f0f02,2024-05-05 19:57:00,web
0b66efc9-88af-58f8-8cb8-0696c3e86508,bob@example.com,8bf3a39b-40d4-4d03-8f83-0f5db88d4e69,2024-05-05 20:14:00,desktop
310d7fbe-f92e-57af-b222-b3a2cd158ec5,carol@example.com,a2bc017d-dd7d-489e-af9c-f1ca73ecfd52,2024-05-05 20:31:00,tablet
be94a682-8b63-594f-b49e-6f4e29c28351,alice@example.com,f7e0f54c-1be0-41f6-9f0f-f1885a41230c,2024-05-05 20:48:00,mobile
4558f516-9cef-5a55-a425-8045abe7b590,bob@example.com,340f4833-2e20-4ab8-b03d-91c8e7f230a3,2024-05-05 21:05:00,web
0d3929fd-dca7-5e6f-9f1c-09cc40f189d1,carol@example.com,575d1039-43e5-4c38-9c7a-1566600491ff,2024-05-05 21:22:00,desktop
303b3f7e-dc1d-5829-8dc5-009488d5a13c,alice@example.com,cc462b1f-b77d-4c4b-851f-ba3b65fa1331,2024-05-05 21:39:00,tablet
6f99b76c-9d58-581e-9469-d4241036c604,bob@example.com,cdc72506-8355-4b48-9cd1-fd03828b1601,2024-05-05 21:56:00,mobile
ef630e62-e682-5a83-88c4-1743042b7a19,carol@example.com,bef779fc-0310-4c4c-85ef-1e4797b1dc9e,2024-05-05 22:13:00,web
bc79923f-eaf0-5bac-a87d-dc6b3b7160a9,alice@example.com,f3b7aba1-3d9b-4837-ba86-120ef1e7337f,2024-05-05 22:30:00,desktop
454bad3b-f9a1-5351-99db-1bef0cf7b100,bob@example.com,87b314ab-145c-4d4a-b661-0f35e48586ca,2024-05-05 22:47:00,tablet
8e6d267a-2d1f-578f-b064-75df209fe7ad,carol@example.com,9709c855-dfa2-4159-b0e4-deb078bfe1d7,2024-05-05 23:04:00,mobile
880b2730-153b-5b27-9abd-dbd1b6631d31,alice@example.com,236bed16-209e-4f6c-bc8c-9ba685852787,2024-05-05 23:21:00,web
2964b44c-d4d4-5f7d-a014-84471de2c292,bob@example.com,a413deb8-5c2d-489b-98f8-7f1e61c5eeef,2024-05-05 23:38:00,desktop
4dd5fcb9-2724-5c58-a58e-1f9ede7fdf4c,carol@example.com,fd4fabfb-c7c1-4818-bd9d-ac546edaf784,2024-05-05 23:55:00,tablet
58a03e48-f88d-5011-b1cc-3f9d71b08305,alice@example.com,6943fab7-444f-47a0-ae18-099125cfea02,2024-05-06 00:12:00,mobile
cbbd3e56-75cd-555a-91ef-81c5f6aec46d,bob@example.com,1cecec99-53e1-4f43-894f-7976318b8929,2024-05-06 00:29:00,web
47153c77-c1e0-5b05-854b-8d04009e4fd0,carol@example.com,8004fdd5-00dc-48c9-8635-8889fcb96040,2024-05-06 00:46:00,desktop
197196ce-904e-5dfe-ad25-88d53a583527,alice@example.com,5fbabd7f-ca2b-4137-9826-f67866b923aa,2024-05-06 01:03:00,tablet
79a9aea0-c94d-522e-a2f3-92f0090d61e5,bob@example.com,9a73ddb9-4488-417b-b57f-4b9b7870e942,2024-05-06 01:20:00,mobile
65f65a16-7ead-59d2-b38e-3ad2390e610c,carol@example.com,6b8da6d9-fa26-49e4-90fb-8e677a808568,2024-05-06 01:37:00,web
a955209c-580b-5ca2-bca9-fb18427ad534,alice@example.com,f08d8370-97d9-41a1-b4ff-5688515bd166,2024-05-06 01:54:00,desktop
be5c6887-44a2-546c-9dc6-9e199fa1aa31,bob@example.com,aa233736-abb6-4a3a-b7fd-1135b2d0001c,2024-05-06 02:11:00,tablet
12fe61ff-ba69-53f8-b391-f90f09e17d51,carol@example.com,2471d4ec-4faf-4569-928b-5f098103fae8,2024-05-06 02:28:00,mobile
b0b22c17-3486-5422-b91d-5bed8fae44dd,alice@example.com,bea00600-c226-4216-96bc-4a487f4de7cf,2024-05-06 02:45:00,web
9696090f-2506-5e0f-aa28-058c30ea3a23,bob@example.com,520a09bc-4cb9-452f-9a50-703b0c5637fd,2024-05-06 03:02:00,desktop
be41ba13-3622-539d-9f5f-ae1cc1fd5544,carol@example.com,f9cd1c97-badb-4050-ae4f-b562a64705a8,2024-05-06 03:19:00,tablet
35b11cde-c3fd-5796-a54e-71c7205b53a1,alice@example.com,354e571e-c6a4-442a-93c0-247e8d66c1c0,2024-05-06 03:36:00,mobile
802f14ea-6822-5255-838d-51b4e893e5fc,bob@example.com,c957a63a-1332-4a5c-bb6f-e116a45becb5,2024-05-06 03:53:00,web
1f9acaad-5321-5f35-85a3-66dc3d41d975,carol@example.com,b0700595-a0c0-4151-b7fd-12b046ebc9df,2024-05-06 04:10:00,desktop
fcddae4a-5205-5f50-ae8f-bb72bcea6be5,alice@example.com,16947d2b-8a0d-4ee7-aa38-042a05adb975,2024-05-06 04:27:00,tablet
d47cf7cc-90db-547f-b6db-515a99750184,bob@example.com,46cc019b-ff17-496a-866a-2b4932600910,2024-05-06 04:44:00,mobile
260e22e3-ea35-5738-9ff5-715166b19619,carol@example.com,ebbbe19b-e08d-4957-9445-d81745a96a93,2024-05-06 05:01:00,web
36a3e1df-b7be-577a-9e40-58c426aff632,alice@example.com,205ff413-6fbe-48d2-bd64-940cc37f5d75,2024-05-06 05:18:00,desktop
8c07afb2-f053-5f74-9cdf-1523d78ae5af,bob@example.com,2bf45c25-da71-408a-981d-6cf14f47552d,2024-05-06 05:35:00,tablet
956ce804-b694-5c57-b01a-61f51941e169,carol@example.com,5026f6d4-89be-4d29-b731-a91bb3f4779c,2024-05-06 05:52:00,mobile
09ba86b3-93d6-581d-b1ac-a7d80e3047ad,alice@example.com,e8ce0050-81f3-44d5-86d2-4154a1c1680e,2024-05-06 06:09:00,web
207f8785-1862-545f-acf6-deb7252b08d9,bob@example.com,fac363f8-7da2-4d2d-9b19-d90be9bcefae,2024-05-06 06:26:00,desktop
f5797eec-433d-51eb-9589-2985f3b4eead,carol@example.com,c25aba65-17ae-4f2e-a8a8-5aefa4e1348b,2024-05-06 06:43:00,tablet
3b11e75c-f90e-51d9-8a83-813d2c69fe99,alice@example.com,e7f5cfb4-47eb-42cb-97ce-3b506274ec73,2024-05-06 07:00:00,mobile
b86eb707-a59e-57a4-9a35-e5b8fa1be8de,bob@example.com,5deb4023-53b9-47f3-ab3d-b057ee4f953f,2024-05-06 07:17:00,web
4f3a1569-d77c-501e-8006-926f60400674,carol@example.com,629cdfb3-6122-4bba-bead-4c09f888efca,2024-05-06 07:34:00,desktop
0bf5a5d0-98d3-5c56-ba62-382f92684ec4,alice@example.com,6fe2eadd-d236-4d28-806b-3bda9285fd0d,2024-05-06 07:51:00,tablet
515ce0b1-f149-55d4-8c96-f66ac4d01b84,bob@example.com,65c5385c-55df-4e3f-83bd-73145528e14f,2024-05-06 08:08:00,mobile
afa7822b-e85b-551b-a270-36ec8c064794,carol@example.com,6373694b-2bae-4bc1-89a3-8545441304c9,2024-05-06 08:25:00,web
96cdac08-2266-53c4-9f09-9e663fe1e2d6,alice@example.com,0e84d50e-aa9a-4365-bae9-7e8f870f0f02,2024-05-06 08:42:00,desktop
0038ea0e-016f-5b6e-8b21-5a48d3e4b562,bob@example.com,8bf3a39b-40d4-4d03-8f83-0f5db88d4e69,2024-05-06 08:59:00,tablet
2f6d8d7d-bac7-5a9f-80f1-cbd8307d8faf,carol@example.com,a2bc017d-dd7d-489e-af9c-f1ca73ecfd52,2024-05-06 09:16:00,mobile
6f9abff7-131b-5c67-b834-1f57f29c4288,alice@example.com,f7e0f54c-1be0-41f6-9f0f-f1885a41230c,2024-05-06 09:33:00,web
5b233550-75f3-5876-9447-f4511d38230e,bob@example.com,340f4833-2e20-4ab8-b03d-91c8e7f230a3,2024-05-06 09:50:00,desktop
c54b7d00-ad23-5039-9832-c3c7bd2c75da,carol@example.com,575d1039-43e5-4c38-9c7a-1566600491ff,2024-05-06 10:07:00,tablet
6c6c765e-d50c-5aa6-8b5c-a05a00e3d5a1,alice@example.com,cc462b1f-b77d-4c4b-851f-ba3b65fa1331,2024-05-06 10:24:00,mobile
a518f86f-ed36-5326-8429-4e286908a18f,bob@example.com,cdc72506-8355-4b48-9cd1-fd03828b1601,2024-05-06 10:41:00,web
8d22594e-f3c1-50ba-8940-882e932ab53d,carol@example.com,bef779fc-0310-4c4c-85ef-1e4797b1dc9e,2024-05-06 10:58:00,desktop
58f501b7-21d3-5cec-8534-b23998503639,alice@example.com,f3b7aba1-3d9b-4837-ba86-120ef1e7337f,2024-05-06 11:15:00,tablet
87dab6d9-97d2-5950-9549-80e9faec5631,bob@example.com,87b314ab-145c-4d4a-b661-0f35e48586ca,2024-05-06 11:32:00,mobile
672b4099-8f27-5853-bb2e-b9d050b89d54,carol@example.com,9709c855-dfa2-4159-b0e4-deb078bfe1d7,2024-05-06 11:49:00,web
2392d39e-4f3f-506f-a02f-ff2d24724f01,alice@example.com,236bed16-209e-4f6c-bc8c-9ba685852787,2024-05-06 12:06:00,desktop
09226b69-7966-5a92-8aa4-90906d354357,bob@example.com,a413deb8-5c2d-489b-98f8-7f1e61c5eeef,2024-05-06 12:23:00,tablet
d176140b-f8cc-5b4a-bfb0-ad5328f0a7f0,carol@example.com,fd4fabfb-c7c1-4818-bd9d-ac546edaf784,2024-05-06 12:40:00,mobile
aee12f9a-c96a-534c-96b9-ea0635b98af1,alice@example.com,6943fab7-444f-47a0-ae18-099125cfea02,2024-05-06 12:57:00,web
2dbdcde2-8190-56e4-b2d7-fb08b1977968,bob@example.com,1cecec99-53e1-4f43-894f-7976318b8929,2024-05-06 13:14:00,desktop
41b9f5df-23d1-5303-bd27-932c0f623e08,carol@example.com,8004fdd5-00dc-48c9-8635-8889fcb96040,2024-05-06 13:31:00,tablet
112234e3-5674-5977-a037-28639b1f34f1,alice@example.com,5fbabd7f-ca2b-4137-9826-f67866b923aa,2024-05-06 13:48:00,mobile
8badc3c8-1154-57eb-9a05-754c3433e39b,bob@example.com,9a73ddb9-4488-417b-b57f-4b9b7870e942,2024-05-06 14:05:00,web
e476d83b-3a92-5ab8-860e-59fed120bbf8,carol@example.com,6b8da6d9-fa26-49e4-90fb-8e677a808568,2024-05-06 14:22:00,desktop
4cf0e8ca-ff1f-5625-ae28-821ae4c20a4b,alice@example.com,f08d8370-97d9-41a1-b4ff-5688515bd166,2024-05-06 14:39:00,tablet
5c50ca54-b5a5-514d-b2fe-c94001aff58a,bob@example.com,aa233736-abb6-4a3a-b7fd-1135b2d0001c,2024-05-06 14:56:00,mobile
c7593fcc-99e8-5f49-9d56-431f67cda4ae,carol@example.com,2471d4ec-4faf-4569-928b-5f098103fae8,2024-05-06 15:13:00,web
2c8f7047-db83-59c8-a3ef-de18fa082c96,alice@example.com,bea00600-c226-4216-96bc-4a487f4de7cf,2024-05-06 15:30:00,desktop
f9696bc5-bc2d-5232-9c99-e40e9a94bb48,bob@example.com,520a09bc-4cb9-452f-9a50-703b0c5637fd,2024-05-06 15:47:00,tablet
c6e7e49b-e3a7-5cd4-b82d-f77c11787788,carol@example.com,f9cd1c97-badb-4050-ae4f-b562a64705a8,2024-05-06 16:04:00,mobile
c52a72d0-f250-57c4-aebf-a3403256382b,alice@example.com,354e571e-c6a4-442a-93c0-247e8d66c1c0,2024-05-06 16:21:00,web
ac80c110-a9ca-5928-8363-9dc621de2985,bob@example.com,c957a63a-1332-4a5c-bb6f-e116a45becb5,2024-05-06 16:38:00,desktop
f0effc46-1133-5a98-9afd-1ffd4ab82836,carol@example.com,b0700595-a0c0-4151-b7fd-12b046ebc9df,2024-05-06 16:55:00,tablet
b441ed02-53ab-553b-9b47-37d5b2002b4b,alice@example.com,16947d2b-8a0d-4ee7-aa38-042a05adb975,2024-05-06 17:12:00,mobile
7451b995-1701-59dd-a077-92d760d877d8,bob@example.com,46cc019b-ff17-496a-866a-2b4932600910,2024-05-06 17:29:00,web
9a8fc6f4-c534-5df5-9a19-48c33c7fd1d6,carol@example.com,ebbbe19b-e08d-4957-9445-d81745a96a93,2024-05-06 17:46:00,desktop
b2c1bbe5-3fb0-530e-ad57-d6926472c101,alice@example.com,205ff413-6fbe-48d2-bd64-940cc37f5d75,2024-05-06 18:03:00,tablet
fb84070b-6b65-556d-9938-ca14721db854,bob@example.com,2bf45c25-da71-408a-981d-6cf14f47552d,2024-05-06 18:20:00,mobile
cd3d9a08-b3a6-5954-a5e0-8a4cab5398c2,carol@example.com,5026f6d4-89be-4d29-b731-a91bb3f4779c,2024-05-06 18:37:00,web
6e806165-cb00-5e2e-922e-ca39494d0c78,alice@example.com,e8ce0050-81f3-44d5-86d2-4154a1c1680e,2024-05-06 18:54:00,desktop
181fb352-a5c5-5697-a650-04f118b4ab7f,bob@example.com,fac363f8-7da2-4d2d-9b19-d90be9bcefae,2024-05-06 19:11:00,tablet
7485723e-004b-5fa5-982b-cb48c8f5434c,carol@example.com,c25aba65-17ae-4f2e-a8a8-5aefa4e1348b,2024-05-06 19:28:00,mobile
ced7ee08-47b3-54b9-a1f9-03000cd295ce,alice@example.com,e7f5cfb4-47eb-42cb-97ce-3b506274ec73,2024-05-06 19:45:00,web
217f1c60-ccd6-5ad9-9c9b-54e9fdc0e5f6,bob@example.com,5deb4023-53b9-47f3-ab3d-b057ee4f953f,2024-05-06 20:02:00,desktop
4da1dd7e-df0e-58d3-b8da-2392180a41b6,carol@example.com,629cdfb3-6122-4bba-bead-4c09f888efca,2024-05-06 20:19:00,tablet
a0a93f4b-7fb2-5791-a710-67a2da5decf7,alice@example.com,6fe2eadd-d236-4d28-806b-3bda9285fd0d,2024-05-06 20:36:00,mobile
be82d42f-6cca-5214-b710-4a59ab214c4d,bob@example.com,65c5385c-55df-4e3f-83bd-73145528e14f,2024-05-06 20:53:00,web
983d7e1a-e673-504d-924a-3c080a637835,carol@example.com,6373694b-2bae-4bc1-89a3-8545441304c9,2024-05-06 21:10:00,desktop
a66508cb-05ba-5d28-be65-ccddc3f23fbf,alice@example.com,0e84d50e-aa9a-4365-bae9-7e8f870f0f02,2024-05-06 21:27:00,tablet
77cee283-aaeb-51ae-947e-ebfc359ead92,bob@example.com,8bf3a39b-40d4-4d03-8f83-0f5db88d4e69,2024-05-06 21:44:00,mobile
fd74abf5-792b-5eda-bef3-5e873aeedc9d,carol@example.com,a2bc017d-dd7d-489e-af9c-f1ca73ecfd52,2024-05-06 22:01:00,web
c2d4f60c-e260-552a-b2d7-e2ce86e8cdfc,alice@example.com,f7e0f54c-1be0-41f6-9f0f-f1885a41230c,2024-05-06 22:18:00,desktop
55693751-facf-587d-9283-963d26da73f5,bob@example.com,340f4833-2e20-4ab8-b03d-91c8e7f230a3,2024-05-06 22:35:00,tablet
3237fede-c394-55e3-b98e-a978c98ad682,carol@example.com,575d1039-43e5-4c38-9c7a-1566600491ff,2024-05-06 22:52:00,mobile
d1c30370-189c-5166-b45b-742a74d82a21,alice@example.com,cc462b1f-b77d-4c4b-851f-ba3b65fa1331,2024-05-06 23:09:00,web
403cbeb5-b9c4-58ad-8eb8-b1a3f1339497,bob@example.com,cdc72506-8355-4b48-9cd1-fd03828b1601,2024-05-06 23:26:00,desktop
50843ca7-5b2b-5543-bbc8-0fe21c030281,carol@example.com,bef779fc-0310-4c4c-85ef-1e4797b1dc9e,2024-05-06 23:43:00,tablet
269020d5-647a-5c52-b32e-dc5fcc34fa0e,alice@example.com,f3b7aba1-3d9b-4837-ba86-120ef1e7337f,2024-05-07 00:00:00,mobile
f6a1a540-1973-5b26-a7b0-4394a14654d2,bob@example.com,87b314ab-145c-4d4a-b661-0f35e48586ca,2024-05-07 00:17:00,web
3807b35b-5b27-548a-ae8a-f8992f936b56,carol@example.com,9709c855-dfa2-4159-b0e4-deb078bfe1d7,2024-05-07 00:34:00,desktop
120c4246-e1c8-58e7-a2c0-51bd40110d87,alice@example.com,236bed16-209e-4f6c-bc8c-9ba685852787,2024-05-07 00:51:00,tablet
869207e3-ccda-5a02-a2e4-da21d28c81b4,bob@example.com,a413deb8-5c2d-489b-98f8-7f1e61c5eeef,2024-05-07 01:08:00,mobile
90458ad8-7290-5208-98de-481c89116e8a,carol@example.com,fd4fabfb-c7c1-4818-bd9d-ac546edaf784,2024-05-07 01:25:00,web
7d5ea533-ccec-55d4-b77b-df3c562fa580,alice@example.com,6943fab7-444f-47a0-ae18-099125cfea02,2024-05-07 01:42:00,desktop
3965c497-ca6b-5fa8-b03b-542f66c80f25,bob@example.com,1cecec99-53e1-4f43-894f-7976318b8929,2024-05-07 01:59:00,tablet
cd3bbb2d-1810-541b-9d9c-a3fbef73366c,carol@example.com,8004fdd5-00dc-48c9-8635-8889fcb96040,2024-05-07 02:16:00,mobile
85a1615c-9935-523a-8c6d-ada1e3db93b9,alice@example.com,5fbabd7f-ca2b-4137-9826-f67866b923aa,2024-05-07 02:33:00,web
fb590756-347c-5788-8dc5-f41ee355f283,bob@example.com,9a73ddb9-4488-417b-b57f-4b9b7870e942,2024-05-07 02:50:00,desktop
c5037aac-34f7-5164-a2a8-13860e5662e5,carol@example.com,6b8da6d9-fa26-49e4-90fb-8e677a808568,2024-05-07 03:07:00,tablet
1a10519b-91ef-5611-ac98-17617b865c05,alice@example.com,f08d8370-97d9-41a1-b4ff-5688515bd166,2024-05-07 03:24:00,mobile
3be3dcdf-e33b-5bc3-a957-65de8c9d1091,bob@example.com,aa233736-abb6-4a3a-b7fd-1135b2d0001c,2024-05-07 03:41:00,web
e6026abf-3719-5817-ae31-41a57172586e,carol@example.com,2471d4ec-4faf-4569-928b-5f098103fae8,2024-05-07 03:58:00,desktop
340d53bc-1473-5e9b-8ad0-7e4bd68fcc57,alice@example.com,bea00600-c226-4216-96bc-4a487f4de7cf,2024-05-07 04:15:00,tablet
1b2118ab-fb82-5971-b4f5-41038ba12bf0,bob@example.com,520a09bc-4cb9-452f-9a50-703b0c5637fd,2024-05-07 04:32:00,mobile
84757a26-00f3-5d04-a7b2-5204f93fb83d,carol@example.com,f9cd1c97-badb-4050-ae4f-b562a64705a8,2024-05-07 04:49:00,web
fc73547d-202f-5865-ab8b-9a9ce008c003,alice@example.com,354e571e-c6a4-442a-93c0-247e8d66c1c0,2024-05-07 05:06:00,desktop
710148f8-35c7-546d-8b1f-8775e7359f58,bob@example.com,c957a63a-1332-4a5c-bb6f-e116a45becb5,2024-05-07 05:23:00,tablet
2974fe07-c7f7-540b-855b-51d3a6b737e9,carol@example.com,b0700595-a0c0-4151-b7fd-12b046ebc9df,2024-05-07 05:40:00,mobile
90cb72d7-d953-562f-9d84-1ae3270367e0,alice@example.com,16947d2b-8a0d-4ee7-aa38-042a05adb975,2024-05-07 05:57:00,web
ca500083-941f-5cfb-a040-7b9e5696be97,bob@example.com,46cc019b-ff17-496a-866a-2b4932600910,2024-05-07 06:14:00,desktop
72dcdb9b-47b0-5af8-86c7-d9176fdbb68d,carol@example.com,ebbbe19b-e08d-4957-9445-d81745a96a93,2024-05-07 06:31:00,tablet
b1dc1719-c0ba-50ca-b49f-47e20360774b,alice@example.com,205ff413-6fbe-48d2-bd64-940cc37f5d75,2024-05-07 06:48:00,mobile
ed40fa06-1d28-5e3e-b665-253190a85cfc,bob@example.com,2bf45c25-da71-408a-981d-6cf14f47552d,2024-05-07 07:05:00,web
a35629d8-3aa3-51f6-b185-b914b752bfb0,carol@example.com,5026f6d4-89be-4d29-b731-a91bb3f4779c,2024-05-07 07:22:00,desktop
f2daa799-368f-5bdb-945b-d21c95f5caf1,alice@example.com,e8ce0050-81f3-44d5-86d2-4154a1c1680e,2024-05-07 07:39:00,tablet
95b0a9c7-ff55-5f64-accf-1df76997a867,bob@example.com,fac363f8-7da2-4d2d-9b19-d90be9bcefae,2024-05-07 07:56:00,mobile
07c828ed-5886-5493-87a2-53d9119b9a63,carol@example.com,c25aba65-17ae-4f2e-a8a8-5aefa4e1348b,2024-05-07 08:13:00,web
0edfedaa-573b-5b5f-8850-63d419f667ae,alice@example.com,e7f5cfb4-47eb-42cb-97ce-3b506274ec73,2024-05-07 08:30:00,desktop
72c5fecb-f763-558e-afc3-525b3dadfb98,bob@example.com,5deb4023-53b9-47f3-ab3d-b057ee4f953f,2024-05-07 08:47:00,tablet
17c9cb2d-1ab6-50c6-a073-9a256fafeb16,carol@example.com,629cdfb3-6122-4bba-bead-4c09f888efca,2024-05-07 09:04:00,mobile
b89360e0-4649-52c2-a0f8-b0c24490be28,alice@example.com,6fe2eadd-d236-4d28-806b-3bda9285fd0d,2024-05-07 09:21:00,web
69062be2-b3fd-5e22-a91e-a8742585efdf,bob@example.com,65c5385c-55df-4e3f-83bd-73145528e14f,2024-05-07 09:38:00,desktop
e2b263a0-f386-5eb9-b60d-cd21986557f0,carol@example.com,6373694b-2bae-4bc1-89a3-8545441304c9,2024-05-07 09:55:00,tablet
83acc357-112c-5a0a-825d-05811b07e23c,alice@example.com,0e84d50e-aa9a-4365-bae9-7e8f870f0f02,2024-05-07 10:12:00,mobile
af545971-8ddd-5648-a22f-79a71385e389,bob@example.com,8bf3a39b-40d4-4d03-8f83-0f5db88d4e69,2024-05-07 10:29:00,web
eea17a44-8a82-5722-8fce-c4e43e884af2,carol@example.com,a2bc017d-dd7d-489e-af9c-f1ca73ecfd52,2024-05-07 10:46:00,desktop
f858a874-90c2-59ab-9359-1d1960152ace,alice@example.com,f7e0f54c-1be0-41f6-9f0f-f1885a41230c,2024-05-07 11:03:00,tablet
ed2987fe-90ff-54fa-abc2-477f2ae5795a,bob@example.com,340f4833-2e20-4ab8-b03d-91c8e7f230a3,2024-05-07 11:20:00,mobile
070a0164-5abb-546e-bff4-5fe629f4de1b,carol@example.com,575d1039-43e5-4c38-9c7a-1566600491ff,2024-05-07 11:37:00,web
3a5a74bd-6b72-5294-ae13-4fcc4a217a79,alice@example.com,cc462b1f-b77d-4c4b-851f-ba3b65fa1331,2024-05-07 11:54:00,desktop
fd4699af-38c1-589a-986a-af508a285c88,bob@example.com,cdc72506-8355-4b48-9cd1-fd03828b1601,2024-05-07 12:11:00,tablet
cc13aa81-98d9-56de-8be1-1fe4692e2e90,carol@example.com,bef779fc-0310-4c4c-85ef-1e4797b1dc9e,2024-05-07 12:28:00,mobile
8a780f42-52e8-5c4b-8dc5-8e883650a3b4,alice@example.com,f3b7aba1-3d9b-4837-ba86-120ef1e7337f,2024-05-07 12:45:00,web
b1887bae-b107-53a3-bf6b-6975e7095a28,bob@example.com,87b314ab-145c-4d4a-b661-0f35e48586ca,2024-05-07 13:02:00,desktop
8dde7be7-d078-5841-9c5b-01b071f452e7,carol@example.com,9709c855-dfa2-4159-b0e4-deb078bfe1d7,2024-05-07 13:19:00,tablet
5fb7e7fd-6662-54c9-ba5c-b2315491b146,alice@example.com,236bed16-209e-4f6c-bc8c-9ba685852787,2024-05-07 13:36:00,mobile
1cff847e-7813-5793-8114-893bb1777a6b,bob@example.com,a413deb8-5c2d-489b-98f8-7f1e61c5eeef,2024-05-07 13:53:00,web
29918ff9-99f4-535f-84a4-d93a7ce40cf1,carol@example.com,fd4fabfb-c7c1-4818-bd9d-ac546edaf784,2024-05-07 14:10:00,desktop
15be4934-2225-5506-8fcc-5e8e0bc65c11,alice@example.com,6943fab7-444f-47a0-ae18-099125cfea02,2024-05-07 14:27:00,tablet
943b10b5-2806-5cb6-8c71-d0cd95d96504,bob@example.com,1cecec99-53e1-4f43-894f-7976318b8929,2024-05-07 14:44:00,mobile
48bd5858-db60-57da-ac44-0ef2d3eee7da,carol@example.com,8004fdd5-00dc-48c9-8635-8889fcb96040,2024-05-07 15:01:00,web
fea129e0-1ca7-5434-ae47-6c84e62cec26,alice@example.com,5fbabd7f-ca2b-4137-9826-f67866b923aa,2024-05-07 15:18:00,desktop
e11b9da3-f684-55e1-9a9d-40dd06032ccc,bob@example.com,9a73ddb9-4488-417b-b57f-4b9b7870e942,2024-05-07 15:35:00,tablet
cc510020-1b4e-5d8f-a619-41532fe0132d,carol@example.com,6b8da6d9-fa26-49e4-90fb-8e677a808568,2024-05-07 15:52:00,mobile
f30b4893-52ab-5471-b90e-3958cc3b3cd5,alice@example.com,f08d8370-97d9-41a1-b4ff-5688515bd166,2024-05-07 16:09:00,web
2418b96c-afce-50b3-a9d3-0256df43a132,bob@example.com,aa233736-abb6-4a3a-b7fd-1135b2d0001c,2024-05-07 16:26:00,desktop
578b221a-a6fb-584e-a33b-72fe5f3d25ec,carol@example.com,2471d4ec-4faf-4569-928b-5f098103fae8,2024-05-07 16:43:00,tablet
4d3d5daa-e37e-5557-bb99-443f19716bd0,alice@example.com,bea00600-c226-4216-96bc-4a487f4de7cf,2024-05-07 17:00:00,mobile
752d22e6-7459-5cc1-9080-28cb22099364,bob@example.com,520a09bc-4cb9-452f-9a50-703b0c5637fd,2024-05-07 17:17:00,web
c74f4144-555f-5e35-b503-dea5b7392c90,carol@example.com,f9cd1c97-badb-4050-ae4f-b562a64705a8,2024-05-07 17:34:00,desktop
84ade569-187c-578b-b669-9fb8f28d69c0,alice@example.com,354e571e-c6a4-442a-93c0-247e8d66c1c0,2024-05-07 17:51:00,tablet
710a6821-d1b7-5172-8c24-5689eeee640c,bob@example.com,c957a63a-1332-4a5c-bb6f-e116a45becb5,2024-05-07 18:08:00,mobile
f9030644-e9dd-5011-904f-1b958df4f336,carol@example.com,b0700595-a0c0-4151-b7fd-12b046ebc9df,2024-05-07 18:25:00,web
2e98fd26-06cf-5839-9c78-d467fde655a3,alice@example.com,16947d2b-8a0d-4ee7-aa38-042a05adb975,2024-05-07 18:42:00,desktop
2c9be337-b8fb-518f-8395-dcf68d937dd0,bob@example.com,46cc019b-ff17-496a-866a-2b4932600910,2024-05-07 18:59:00,tablet
44a2a898-4939-5d30-92f8-5168758a0774,carol@example.com,ebbbe19b-e08d-4957-9445-d81745a96a93,2024-05-07 19:16:00,mobile
ef023682-c6bc-57d4-ad45-748e392ac08e,alice@example.com,205ff413-6fbe-48d2-bd64-940cc37f5d75,2024-05-07 19:33:00,web
e28d4d22-b3ba-5833-93fc-39c53f2b8e96,bob@example.com,2bf45c25-da71-408a-981d-6cf14f47552d,2024-05-07 19:50:00,desktop
0a0ad8db-afd0-5af7-b334-5b4f9793b43c,carol@example.com,5026f6d4-89be-4d29-b731-a91bb3f4779c,2024-05-07 20:07:00,tablet
a7eb1545-c5b1-5241-839c-c4de039783f0,alice@example.com,e8ce0050-81f3-44d5-86d2-4154a1c1680e,2024-05-07 20:24:00,mobile
2b2499ba-1b87-5285-8d17-298f6696914c,bob@example.com,fac363f8-7da2-4d2d-9b19-d90be9bcefae,2024-05-07 20:41:00,web
15f753b5-3a6a-522a-9078-6004c7292cd4,carol@example.com,c25aba65-17ae-4f2e-a8a8-5aefa4e1348b,2024-05-07 20:58:00,desktop
2c7e53dc-73c7-56b1-a5f9-410d3e7774cf,alice@example.com,e7f5cfb4-47eb-42cb-97ce-3b506274ec73,2024-05-07 21:15:00,tablet
16b0cffb-2cac-5987-90d9-af76853fd873,bob@example.com,5deb4023-53b9-47f3-ab3d-b057ee4f953f,2024-05-07 21:32:00,mobile
373df5d1-a2cf-502d-b04e-f0129d472fd5,carol@example.com,629cdfb3-6122-4bba-bead-4c09f888efca,2024-05-07 21:49:00,web
5677b4e6-1bbb-5ec0-a9b0-5cae10773cef,alice@example.com,6fe2eadd-d236-4d28-806b-3bda9285fd0d,2024-05-07 22:06:00,desktop
834d055e-ae34-5fdd-be6d-8cc6cfae1e15,bob@example.com,65c5385c-55df-4e3f-83bd-73145528e14f,2024-05-07 22:23:00,tablet
56e28609-6624-52ef-b336-69cd66e8988f,carol@example.com,6373694b-2bae-4bc1-89a3-8545441304c9,2024-05-07 22:40:00,mobile
5db4d5b5-37cc-5db7-b161-14c09da3360f,alice@example.com,0e84d50e-aa9a-4365-bae9-7e8f870f0f02,2024-05-07 22:57:00,web
a1af4997-a3a2-59e8-8d16-b771c0c04446,bob@example.com,8bf3a39b-40d4-4d03-8f83-0f5db88d4e69,2024-05-07 23:14:00,desktop
9cdeaadc-83ae-5fce-92fd-318b63e2e2e6,carol@example.com,a2bc017d-dd7d-489e-af9c-f1ca73ecfd52,2024-05-07 23:31:00,tablet
9947ec5a-0974-58bc-93ed-d7b953fad103,alice@example.com,f7e0f54c-1be0-41f6-9f0f-f1885a41230c,2024-05-07 23:48:00,mobile
e7f23f80-9698-58e3-8e64-2f417ab5f043,bob@example.com,340f4833-2e20-4ab8-b03d-91c8e7f230a3,2024-05-08 00:05:00,web
07949e1a-e13d-570d-8821-d4678454dab2,carol@example.com,575d1039-43e5-4c38-9c7a-1566600491ff,2024-05-08 00:22:00,desktop
2c7d9291-a9ad-570e-a6ba-4715e4818eca,alice@example.com,cc462b1f-b77d-4c4b-851f-ba3b65fa1331,2024-05-08 00:39:00,tablet
59c7cfec-b9fc-5785-b4e8-6e959f5ef35f,bob@example.com,cdc72506-8355-4b48-9cd1-fd03828b1601,2024-05-08 00:56:00,mobile
6acfc4c4-5700-5554-92cb-a70ed61307ad,carol@example.com,bef779fc-0310-4c4c-85ef-1e4797b1dc9e,2024-05-08 01:13:00,web
af866b65-5b7f-517b-b371-ae1a991da47e,alice@example.com,f3b7aba1-3d9b-4837-ba86-120ef1e7337f,2024-05-08 01:30:00,desktop
32deaecc-c5dc-5d93-9d79-bccfa702c3c4,bob@example.com,87b314ab-145c-4d4a-b661-0f35e48586ca,2024-05-08 01:47:00,tablet
5c60a8b3-1988-5e2a-977a-c90cf09bf799,carol@example.com,9709c855-dfa2-4159-b0e4-deb078bfe1d7,2024-05-08 02:04:00,mobile
9a487cd6-4716-536d-b51e-9b4f559827a6,alice@example.com,236bed16-209e-4f6c-bc8c-9ba685852787,2024-05-08 02:21:00,web
1468b438-5142-5e5d-b81b-6c4738a32157,bob@example.com,a413deb8-5c2d-489b-98f8-7f1e61c5eeef,2024-05-08 02:38:00,desktop
03fdfd3a-ceb3-5e49-817a-fa60dd948739,carol@example.com,fd4fabfb-c7c1-4818-bd9d-ac546edaf784,2024-05-08 02:55:00,tablet
77f9f84a-290b-50c7-88d6-23649cecf814,alice@example.com,6943fab7-444f-47a0-ae18-099125cfea02,2024-05-08 03:12:00,mobile
708c8c35-7ebe-540d-a6ef-f60fa9e8a726,bob@example.com,1cecec99-53e1-4f43-894f-7976318b8929,2024-05-08 03:29:00,web
c4f559a2-26b3-55ca-b02b-14fdec0a1703,carol@example.com,8004fdd5-00dc-48c9-8635-8889fcb96040,2024-05-08 03:46:00,desktop
5baf8f6a-ee7f-52b3-8ea2-2c232f2fb222,alice@example.com,5fbabd7f-ca2b-4137-9826-f67866b923aa,2024-05-08 04:03:00,tablet
65a8edb1-0e10-5cdc-bb47-3fa39a0af984,bob@example.com,9a73ddb9-4488-417b-b57f-4b9b7870e942,2024-05-08 04:20:00,mobile
9ec35081-8a2c-55e0-b8d6-a382b19a8d44,carol@example.com,6b8da6d9-fa26-49e4-90fb-8e677a808568,2024-05-08 04:37:00,web
5cc07659-273d-53d5-81a8-e215a5828b95,alice@example.com,f08d8370-97d9-41a1-b4ff-5688515bd166,2024-05-08 04:54:00,desktop
cf3b41c6-ea49-5d4f-b64c-2fe6720aae10,bob@example.com,aa233736-abb6-4a3a-b7fd-1135b2d0001c,2024-05-08 05:11:00,tablet
d314dc4a-b923-55b8-87c7-c1bcb49d3110,carol@example.com,2471d4ec-4faf-4569-928b-5f098103fae8,2024-05-08 05:28:00,mobile
81ee4fe0-f067-5321-88d3-95a39b6ad23c,alice@example.com,bea00600-c226-4216-96bc-4a487f4de7cf,2024-05-08 05:45:00,web
435890f5-7375-57b0-aec9-f5568f798055,bob@example.com,520a09bc-4cb9-452f-9a50-703b0c5637fd,2024-05-08 06:02:00,desktop
308d68f8-1da8-5289-9f47-974a5c51c779,carol@example.com,f9cd1c97-badb-4050-ae4f-b562a64705a8,2024-05-08 06:19:00,tablet
b5e8e202-cca2-5abe-b06c-78caf7d4eba4,alice@example.com,354e571e-c6a4-442a-93c0-247e8d66c1c0,2024-05-08 06:36:00,mobile
22f48fae-d367-5900-b434-0909d98f471f,bob@example.com,c957a63a-1332-4a5c-bb6f-e116a45becb5,2024-05-08 06:53:00,web
49926963-34ec-577f-9dc7-4ef89145ee92,carol@example.com,b0700595-a0c0-4151-b7fd-12b046ebc9df,2024-05-08 07:10:00,desktop
d143dbe8-613b-584a-be40-4dd59e911f43,alice@example.com,16947d2b-8a0d-4ee7-aa38-042a05adb975,2024-05-08 07:27:00,tablet
f9d1f746-5a0d-5c97-8103-d33935b7c59e,bob@example.com,46cc019b-ff17-496a-866a-2b4932600910,2024-05-08 07:44:00,mobile
a1962827-28de-58f1-8a42-08b060be138e,carol@example.com,ebbbe19b-e08d-4957-9445-d81745a96a93,2024-05-08 08:01:00,web
807da41d-9efb-5f3e-ad5b-9e9487a8b15d,alice@example.com,205ff413-6fbe-48d2-bd64-940cc37f5d75,2024-05-08 08:18:00,desktop
2485afd1-c8b0-5006-96be-3c27288243ff,bob@example.com,2bf45c25-da71-408a-981d-6cf14f47552d,2024-05-08 08:35:00,tablet
e43119ac-3133-5de8-9cac-663bcb11639e,carol@example.com,5026f6d4-89be-4d29-b731-a91bb3f4779c,2024-05-08 08:52:00,mobile
b98504b1-5b46-5811-9f57-5e653f03c66f,alice@example.com,e8ce0050-81f3-44d5-86d2-4154a1c1680e,2024-05-08 09:09:00,web
04c06e4e-c90a-5e98-a136-4ed836210329,bob@example.com,fac363f8-7da2-4d2d-9b19-d90be9bcefae,2024-05-08 09:26:00,desktop
311eda11-a4d4-5f76-93b2-d58c1f2caf93,carol@example.com,c25aba65-17ae-4f2e-a8a8-5aefa4e1348b,2024-05-08 09:43:00,tablet
24c83229-3984-51a5-874f-b216696b1cbc,alice@example.com,e7f5cfb4-47eb-42cb-97ce-3b506274ec73,2024-05-08 10:00:00,mobile
00d42e99-9efe-5d66-9ce2-ae6244ae962a,bob@example.com,5deb4023-53b9-47f3-ab3d-b057ee4f953f,2024-05-08 10:17:00,web
2970aaf3-0774-5550-a6bc-2b92fb87b133,carol@example.com,629cdfb3-6122-4bba-bead-4c09f888efca,2024-05-08 10:34:00,desktop
a8e1c04d-f05d-5dbf-9ca1-25d5a279ef81,alice@example.com,6fe2eadd-d236-4d28-806b-3bda9285fd0d,2024-05-08 10:51:00,tablet
e33cb99a-e820-564a-b1a2-a4d4fd979227,bob@example.com,65c5385c-55df-4e3f-83bd-73145528e14f,2024-05-08 11:08:00,mobile
698416e1-c885-5f8f-bcbe-2931cf881c26,carol@example.com,6373694b-2bae-4bc1-89a3-8545441304c9,2024-05-08 11:25:00,web
65bca176-54fc-59b0-88ab-763529039f9a,alice@example.com,0e84d50e-aa9a-4365-bae9-7e8f870f0f02,2024-05-08 11:42:00,desktop
49f69ba8-fbb6-5d8c-b1a4-1c5da32447da,bob@example.com,8bf3a39b-40d4-4d03-8f83-0f5db88d4e69,2024-05-08 11:59:00,tablet
72a06879-0b22-5ff6-80c5-b07cfaadb127,carol@example.com,a2bc017d-dd7d-489e-af9c-f1ca73ecfd52,2024-05-08 12:16:00,mobile
0438ae9c-f396-548e-a0d0-6e704bc8fe86,alice@example.com,f7e0f54c-1be0-41f6-9f0f-f1885a41230c,2024-05-08 12:33:00,web
0326bd4b-b9e7-5f7e-8c4d-6713ab5a2d26,bob@example.com,340f4833-2e20-4ab8-b03d-91c8e7f230a3,2024-05-08 12:50:00,desktop
7f291090-5f29-5394-8b3f-b206bef70f04,carol@example.com,575d1039-43e5-4c38-9c7a-1566600491ff,2024-05-08 13:07:00,tablet
3eeb7620-7fc6-5c87-9504-d2b053ab1011,alice@example.com,cc462b1f-b77d-4c4b-851f-ba3b65fa1331,2024-05-08 13:24:00,mobile
be011d0c-f02a-5a68-a6e1-d54f64a6f51d,bob@example.com,cdc72506-8355-4b48-9cd1-fd03828b1601,2024-05-08 13:41:00,web
fd381955-d9d1-52a9-ab87-212487f41295,carol@example.com,bef779fc-0310-4c4c-85ef-1e4797b1dc9e,2024-05-08 13:58:00,desktop
d774db4a-f1aa-55a2-8e62-f5c810393607,alice@example.com,f3b7aba1-3d9b-4837-ba86-120ef1e7337f,2024-05-08 14:15:00,tablet
a08a98d9-d575-59b5-992c-f8b8e9d9fe83,bob@example.com,87b314ab-145c-4d4a-b661-0f35e48586ca,2024-05-08 14:32:00,mobile
7d6f13f3-f11e-5b1d-acfd-90e4446250e2,carol@example.com,9709c855-dfa2-4159-b0e4-deb078bfe1d7,2024-05-08 14:49:00,web
e46710a6-ce00-55e0-9ede-5e1267f120e7,alice@example.com,236bed16-209e-4f6c-bc8c-9ba685852787,2024-05-08 15:06:00,desktop
9da0462e-7b7a-508b-b402-38415f33ff75,bob@example.com,a413deb8-5c2d-489b-98f8-7f1e61c5eeef,2024-05-08 15:23:00,tablet
22440d99-2cd1-5088-b7cb-4abb397908b4,carol@example.com,fd4fabfb-c7c1-4818-bd9d-ac546edaf784,2024-05-08 15:40:00,mobile
147f40be-a9e7-57a7-9983-05b6d4ebc168,alice@example.com,6943fab7-444f-47a0-ae18-099125cfea02,2024-05-08 15:57:00,web
53b4b0ec-33af-5c05-9be1-c03ce29f4287,bob@example.com,1cecec99-53e1-4f43-894f-7976318b8929,2024-05-08 16:14:00,desktop
a0f3ed48-0275-50ff-aa2e-b1777da5b09b,carol@example.com,8004fdd5-00dc-48c9-8635-8889fcb96040,2024-05-08 16:31:00,tablet
7773b8b1-ffef-59ef-a290-4e6e6b59e5a3,alice@example.com,5fbabd7f-ca2b-4137-9826-f67866b923aa,2024-05-08 16:48:00,mobile
dbc47052-2386-5381-a908-547486bab82c,bob@example.com,9a73ddb9-4488-417b-b57f-4b9b7870e942,2024-05-08 17:05:00,web
91e78b47-20c2-592c-9c0e-f05f1dc3c9b7,carol@example.com,6b8da6d9-fa26-49e4-90fb-8e677a808568,2024-05-08 17:22:00,desktop
9a320142-09ca-5fde-b078-bc32b7db8aa9,alice@example.com,f08d8370-97d9-41a1-b4ff-5688515bd166,2024-05-08 17:39:00,tablet
aea4bb38-4637-5a4e-8251-776f45d68e7e,bob@example.com,aa233736-abb6-4a3a-b7fd-1135b2d0001c,2024-05-08 17:56:00,mobile
26caaed4-40db-58f3-aafa-d6788d708507,carol@example.com,2471d4ec-4faf-4569-928b-5f098103fae8,2024-05-08 18:13:00,web
04490f52-ae49-5f9d-afeb-12e4d7529135,alice@example.com,bea00600-c226-4216-96bc-4a487f4de7cf,2024-05-08 18:30:00,desktop
c055d1aa-7cc7-5ee0-ba82-6450ab35e41d,bob@example.com,520a09bc-4cb9-452f-9a50-703b0c5637fd,2024-05-08 18:47:00,tablet
517bf95e-78b4-56af-b705-c43aa23167be,carol@example.com,f9cd1c97-badb-4050-ae4f-b562a64705a8,2024-05-08 19:04:00,mobile
1b0d9691-8f41-551d-8b35-0048f29fc3d9,alice@example.com,354e571e-c6a4-442a-93c0-247e8d66c1c0,2024-05-08 19:21:00,web
73c4e80b-3459-5822-ba30-b0751faf126f,bob@example.com,c957a63a-1332-4a5c-bb6f-e116a45becb5,2024-05-08 19:38:00,desktop
74cbb55b-efb6-5a3d-bb69-c40c1e761e85,carol@example.com,b0700595-a0c0-4151-b7fd-12b046ebc9df,2024-05-08 19:55:00,tablet
4cf1e770-9042-567a-9b4c-d5bb367fc663,alice@example.com,16947d2b-8a0d-4ee7-aa38-042a05adb975,2024-05-08 20:12:00,mobile
e5b7cc86-2a74-5539-85e3-ef99513dcfdb,bob@example.com,46cc019b-ff17-496a-866a-2b4932600910,2024-05-08 20:29:00,web
3e5fc8c5-d41e-5fea-abbc-13053880615e,carol@example.com,ebbbe19b-e08d-4957-9445-d81745a96a93,2024-05-08 20:46:00,desktop
e63e2ddd-709c-5d10-bdc5-edce43264bad,alice@example.com,205ff413-6fbe-48d2-bd64-940cc37f5d75,2024-05-08 21:03:00,tablet
ca3c42e7-39c6-5f00-8c89-588bb761905c,bob@example.com,2bf45c25-da71-408a-981d-6cf14f47552d,2024-05-08 21:20:00,mobile
0dbf6d84-5867-59e3-babe-b6f3e5dd026b,carol@example.com,5026f6d4-89be-4d29-b731-a91bb3f4779c,2024-05-08 21:37:00,web
1414af07-1207-5d0a-9d4f-56f281ec5d28,alice@example.com,e8ce0050-81f3-44d5-86d2-4154a1c1680e,2024-05-08 21:54:00,desktop
4fecb0bc-4111-55ce-9617-113d0bc6989d,bob@example.com,fac363f8-7da2-4d2d-9b19-d90be9bcefae,2024-05-08 22:11:00,tablet
caa33d4f-ed42-5423-9964-03a4251c47e7,carol@example.com,c25aba65-17ae-4f2e-a8a8-5aefa4e1348b,2024-05-08 22:28:00,mobile
0160599d-deab-55be-9487-df6daec8deb6,alice@example.com,e7f5cfb4-47eb-42cb-97ce-3b506274ec73,2024-05-08 22:45:00,web
986edd4b-93f9-589e-9697-d53c9b23fd3a,bob@example.com,5deb4023-53b9-47f3-ab3d-b057ee4f953f,2024-05-08 23:02:00,desktop
ee77ec39-2a13-56d8-9dbe-8f6332c7d09a,carol@example.com,629cdfb3-6122-4bba-bead-4c09f888efca,2024-05-08 23:19:00,tablet
57e2cc4a-20a8-5e4c-84c9-771fa2c1d0d3,alice@example.com,6fe2eadd-d236-4d28-806b-3bda9285fd0d,2024-05-08 23:36:00,mobile
d8df7057-7531-52aa-a70f-87d6a8dfafa2,bob@example.com,65c5385c-55df-4e3f-83bd-73145528e14f,2024-05-08 23:53:00,web
fcba91a0-fd5e-5d82-bf68-a5c98533601e,carol@example.com,6373694b-2bae-4bc1-89a3-8545441304c9,2024-05-09 00:10:00,desktop
c7e0fbce-1178-5296-99c3-001c3b42a0ae,alice@example.com,0e84d50e-aa9a-4365-bae9-7e8f870f0f02,2024-05-09 00:27:00,tablet
0b94908a-92fc-55c9-845d-58ceb26fe1cc,bob@example.com,8bf3a39b-40d4-4d03-8f83-0f5db88d4e69,2024-05-09 00:44:00,mobile
85c6cf18-26f2-5220-b3f9-6bc8d14d5d76,carol@example.com,a2bc017d-dd7d-489e-af9c-f1ca73ecfd52,2024-05-09 01:01:00,web
66a1a39e-b942-5a0e-8644-e50955fbf222,alice@example.com,f7e0f54c-1be0-41f6-9f0f-f1885a41230c,2024-05-09 01:18:00,desktop
49f4fcde-ba22-58ce-af14-42a05b0d76be,bob@example.com,340f4833-2e20-4ab8-b03d-91c8e7f230a3,2024-05-09 01:35:00,tablet
435d4c0c-de45-5623-9f04-a52d51f33f9d,carol@example.com,575d1039-43e5-4c38-9c7a-1566600491ff,2024-05-09 01:52:00,mobile
42e31fc0-4727-5239-8d74-ac8ca525969d,alice@example.com,cc462b1f-b77d-4c4b-851f-ba3b65fa1331,2024-05-09 02:09:00,web
bd05f027-5a54-531c-b90d-7cae8eba6c06,bob@example.com,cdc72506-8355-4b48-9cd1-fd03828b1601,2024-05-09 02:26:00,desktop
2b8bda07-9500-5afd-8734-49dc289b1ac3,carol@example.com,bef779fc-0310-4c4c-85ef-1e4797b1dc9e,2024-05-09 02:43:00,tablet
2142c04e-78a3-55e3-a430-1f4b8579507e,alice@example.com,f3b7aba1-3d9b-4837-ba86-120ef1e7337f,2024-05-09 03:00:00,mobile
e92650cd-1766-5184-b35a-54ea472f076a,bob@example.com,87b314ab-145c-4d4a-b661-0f35e48586ca,2024-05-09 03:17:00,web
f69de47c-f49a-52b1-9d70-70314527e76a,carol@example.com,9709c855-dfa2-4159-b0e4-deb078bfe1d7,2024-05-09 03:34:00,desktop
9b86b514-37d1-52e2-8429-8f0a9b2d6229,alice@example.com,236bed16-209e-4f6c-bc8c-9ba685852787,2024-05-09 03:51:00,tablet
40454add-2683-582b-bf58-86384916ab8f,bob@example.com,a413deb8-5c2d-489b-98f8-7f1e61c5eeef,2024-05-09 04:08:00,mobile
356214fc-5f9f-52e3-85c1-b717bba42411,carol@example.com,fd4fabfb-c7c1-4818-bd9d-ac546edaf784,2024-05-09 04:25:00,web
59486ac6-6faa-56f1-a091-1bcc3e117011,alice@example.com,6943fab7-444f-47a0-ae18-099125cfea02,2024-05-09 04:42:00,desktop
5c046885-37d7-5ba8-80c6-b43e79067a6e,bob@example.com,1cecec99-53e1-4f43-894f-7976318b8929,2024-05-09 04:59:00,tablet
f985fdfa-ec0c-5b7e-83e9-260897c984e6,carol@example.com,8004fdd5-00dc-48c9-8635-8889fcb96040,2024-05-09 05:16:00,mobile
5663ac9a-0f65-5dfe-badf-462c720d0a6b,alice@example.com,5fbabd7f-ca2b-4137-9826-f67866b923aa,2024-05-09 05:33:00,web
c193f3a9-b7e4-5727-b2ee-508962d38f97,bob@example.com,9a73ddb9-4488-417b-b57f-4b9b7870e942,2024-05-09 05:50:00,desktop
2c506991-cef9-5054-b039-f068648c95e1,carol@example.com,6b8da6d9-fa26-49e4-90fb-8e677a808568,2024-05-09 06:07:00,tablet
c969fe84-becd-5e5a-9671-b2bb25376606,alice@example.com,f08d8370-97d9-41a1-b4ff-5688515bd166,2024-05-09 06:24:00,mobile
a140cdc0-1dff-5296-9e9c-0208a4b1c950,bob@example.com,aa233736-abb6-4a3a-b7fd-1135b2d0001c,2024-05-09 06:41:00,web
8546427c-00c7-5606-9a49-bfa368e18677,carol@example.com,2471d4ec-4faf-4569-928b-5f098103fae8,2024-05-09 06:58:00,desktop
f693f0cc-7bc7-5a80-9206-308d88cbc3a9,alice@example.com,bea00600-c226-4216-96bc-4a487f4de7cf,2024-05-09 07:15:00,tablet
235ab798-612e-5e0b-b1b6-275105d0182d,bob@example.com,520a09bc-4cb9-452f-9a50-703b0c5637fd,2024-05-09 07:32:00,mobile
33c453ce-7854-5f70-9988-724ffbee8a9d,carol@example.com,f9cd1c97-badb-4050-ae4f-b562a64705a8,2024-05-09 07:49:00,web
df82c501-77bf-581c-af29-b9a5590ecbcd,alice@example.com,354e571e-c6a4-442a-93c0-247e8d66c1c0,2024-05-09 08:06:00,desktop
e08e9ba3-35ba-587b-a464-10507846a5c5,bob@example.com,c957a63a-1332-4a5c-bb6f-e116a45becb5,2024-05-09 08:23:00,tablet
cb64fe41-b033-5ceb-be61-561c4064695a,carol@example.com,b0700595-a0c0-4151-b7fd-12b046ebc9df,2024-05-09 08:40:00,mobile
30e32d86-9acc-576a-ab18-9097439086dd,alice@example.com,16947d2b-8a0d-4ee7-aa38-042a05adb975,2024-05-09 08:57:00,web
eb29eb90-7942-501c-b871-7f93cbff3348,bob@example.com,46cc019b-ff17-496a-866a-2b4932600910,2024-05-09 09:14:00,desktop
f9c355b3-7b60-5c51-98a0-3fac26220b92,carol@example.com,ebbbe19b-e08d-4957-9445-d81745a96a93,2024-05-09 09:31:00,tablet
ed2512ea-a838-56ca-b2a0-f33d1be4e281,alice@example.com,205ff413-6fbe-48d2-bd64-940cc37f5d75,2024-05-09 09:48:00,mobile
09351647-f4e2-587e-8ab4-a0648d2d4427,bob@example.com,2bf45c25-da71-408a-981d-6cf14f47552d,2024-05-09 10:05:00,web
34da6a43-104d-5d00-9e62-8306513a3bf3,carol@example.com,5026f6d4-89be-4d29-b731-a91bb3f4779c,2024-05-09 10:22:00,desktop
b8f9790e-7a59-515e-a892-a59e9877c94f,alice@example.com,e8ce0050-81f3-44d5-86d2-4154a1c1680e,2024-05-09 10:39:00,tablet
8cebe50e-1e40-51ea-9e8e-25eaf06fba04,bob@example.com,fac363f8-7da2-4d2d-9b19-d90be9bcefae,2024-05-09 10:56:00,mobile
503572a9-7117-5d25-981a-7e5a0929c0b5,carol@example.com,c25aba65-17ae-4f2e-a8a8-5aefa4e1348b,2024-05-09 11:13:00,web
706c5d83-20f1-541d-b740-96b7ed895168,alice@example.com,e7f5cfb4-47eb-42cb-97ce-3b506274ec73,2024-05-09 11:30:00,desktop
321fa378-519d-535d-942d-f990749c3df3,bob@example.com,5deb4023-53b9-47f3-ab3d-b057ee4f953f,2024-05-09 11:47:00,tablet
bbec2851-1bc5-516b-8168-39831ef2f7e4,carol@example.com,629cdfb3-6122-4bba-bead-4c09f888efca,2024-05-09 12:04:00,mobile
c1c9c90f-f437-54ec-8268-aa74edc3f6d6,alice@example.com,6fe2eadd-d236-4d28-806b-3bda9285fd0d,2024-05-09 12:21:00,web
755dc63a-94a1-55fd-8ba6-fe4ba79a3782,bob@example.com,65c5385c-55df-4e3f-83bd-73145528e14f,2024-05-09 12:38:00,desktop
d17b141e-fc1c-5fa0-a122-7192da7c2aba,carol@example.com,6373694b-2bae-4bc1-89a3-8545441304c9,2024-05-09 12:55:00,tablet
218afd1a-5753-5355-b76f-fc6bf105e886,alice@example.com,0e84d50e-aa9a-4365-bae9-7e8f870f0f02,2024-05-09 13:12:00,mobile
bafb76a6-4b58-5a47-867d-173a7368f4dc,bob@example.com,8bf3a39b-40d4-4d03-8f83-0f5db88d4e69,2024-05-09 13:29:00,web
1c6b0540-377a-509e-980d-9054142e359d,carol@example.com,a2bc017d-dd7d-489e-af9c-f1ca73ecfd52,2024-05-09 13:46:00,desktop
cf1d5c35-7070-561a-99f9-612e73f04e96,alice@example.com,f7e0f54c-1be0-41f6-9f0f-f1885a41230c,2024-05-09 14:03:00,tablet
f3c46509-793f-54d3-b56d-da91062df1f8,bob@example.com,340f4833-2e20-4ab8-b03d-91c8e7f230a3,2024-05-09 14:20:00,mobile
24983c18-3c38-5f14-ae58-7cddd6e3e78b,carol@example.com,575d1039-43e5-4c38-9c7a-1566600491ff,2024-05-09 14:37:00,web
c77cb9ce-934b-513c-9bf5-a82c245d24ce,alice@example.com,cc462b1f-b77d-4c4b-851f-ba3b65fa1331,2024-05-09 14:54:00,desktop
fa4e3635-7e14-51a1-b0b6-b9307c6c044e,bob@example.com,cdc72506-8355-4b48-9cd1-fd03828b1601,2024-05-09 15:11:00,tablet
ded95e65-fd18-5109-b715-257e44b21423,carol@example.com,bef779fc-0310-4c4c-85ef-1e4797b1dc9e,2024-05-09 15:28:00,mobile
9eda68f5-55c8-540c-85a6-6d678d03894b,alice@example.com,f3b7aba1-3d9b-4837-ba86-120ef1e7337f,2024-05-09 15:45:00,web
9f07e94d-3cd7-51c1-be3d-a8844586f84a,bob@example.com,87b314ab-145c-4d4a-b661-0f35e48586ca,2024-05-09 16:02:00,desktop
add4fad3-3153-5ec7-a641-caf19f64cf42,carol@example.com,9709c855-dfa2-4159-b0e4-deb078bfe1d7,2024-05-09 16:19:00,tablet
4e58b414-9f86-5a66-b273-01b0c8143ada,alice@example.com,236bed16-209e-4f6c-bc8c-9ba685852787,2024-05-09 16:36:00,mobile
d325d2d4-22f6-5393-8804-8f4c354814b9,bob@example.com,a413deb8-5c2d-489b-98f8-7f1e61c5eeef,2024-05-09 16:53:00,web
95401a1f-3e4e-598c-927a-40696360df50,carol@example.com,fd4fabfb-c7c1-4818-bd9d-ac546edaf784,2024-05-09 17:10:00,desktop
003e5a33-0a46-5004-8a61-0f8ed6d12c3e,alice@example.com,6943fab7-444f-47a0-ae18-099125cfea02,2024-05-09 17:27:00,tablet
18fcb490-7514-5d4e-a228-e07ec80ae2e6,bob@example.com,1cecec99-53e1-4f43-894f-7976318b8929,2024-05-09 17:44:00,mobile
a5a45b48-2fe9-506c-9d08-ad4f3f7f57ec,carol@example.com,8004fdd5-00dc-48c9-8635-8889fcb96040,2024-05-09 18:01:00,web
c0513728-4a33-5887-8c79-bc4efe76fb70,alice@example.com,5fbabd7f-ca2b-4137-9826-f67866b923aa,2024-05-09 18:18:00,desktop
afbc0c13-1cfb-5e7a-b460-1e8711dddbdc,bob@example.com,9a73ddb9-4488-417b-b57f-4b9b7870e942,2024-05-09 18:35:00,tablet
5c205633-026d-5470-b26e-8b38d00a532f,carol@example.com,6b8da6d9-fa26-49e4-90fb-8e677a808568,2024-05-09 18:52:00,mobile
49fa565e-a1ee-5079-8908-d4ea62a837f2,alice@example.com,f08d8370-97d9-41a1-b4ff-5688515bd166,2024-05-09 19:09:00,web
540aa200-1ea1-535c-a382-2c0707d0e25d,bob@example.com,aa233736-abb6-4a3a-b7fd-1135b2d0001c,2024-05-09 19:26:00,desktop
fc0844aa-2af1-5509-bd52-ffdf76c35fdd,carol@example.com,2471d4ec-4faf-4569-928b-5f098103fae8,2024-05-09 19:43:00,tablet
130b5ad8-73f1-5692-8e92-47b3d73f7d1d,alice@example.com,bea00600-c226-4216-96bc-4a487f4de7cf,2024-05-09 20:00:00,mobile
a6826eff-5698-5dca-8c13-66f9ff990433,bob@example.com,520a09bc-4cb9-452f-9a50-703b0c5637fd,2024-05-09 20:17:00,web
9e610f05-5492-53cc-8e5d-9bea9f51d96b,carol@example.com,f9cd1c97-badb-4050-ae4f-b562a64705a8,2024-05-09 20:34:00,desktop
1de030fa-1b1c-5228-9793-4bc4df45bcbf,alice@example.com,354e571e-c6a4-442a-93c0-247e8d66c1c0,2024-05-09 20:51:00,tablet
5445c0d6-faac-551e-a28d-0ec1122bc800,bob@example.com,c957a63a-1332-4a5c-bb6f-e116a45becb5,2024-05-09 21:08:00,mobile
aab4d26d-40ce-570b-ab00-c6f6f60c1fa8,carol@example.com,b0700595-a0c0-4151-b7fd-12b046ebc9df,2024-05-09 21:25:00,web
3d79b131-3b99-5bd7-9e80-3a08c1fdd6c8,alice@example.com,16947d2b-8a0d-4ee7-aa38-042a05adb975,2024-05-09 21:42:00,desktop
9c4b75a3-1452-595a-a239-23fe4abab01a,bob@example.com,46cc019b-ff17-496a-866a-2b4932600910,2024-05-09 21:59:00,tablet
13b7a3f8-c5d6-5593-8663-059972974aa9,carol@example.com,ebbbe19b-e08d-4957-9445-d81745a96a93,2024-05-09 22:16:00,mobile
2efc080f-9969-5d5b-9368-35b58326c70d,alice@example.com,205ff413-6fbe-48d2-bd64-940cc37f5d75,2024-05-09 22:33:00,web
3aa98145-9ea8-5622-b259-2a6aab1e4135,bob@example.com,2bf45c25-da71-408a-981d-6cf14f47552d,2024-05-09 22:50:00,desktop
5254c0ca-9fd9-512d-87e3-85da3db5cf52,carol@example.com,5026f6d4-89be-4d29-b731-a91bb3f4779c,2024-05-09 23:07:00,tablet
e448b2df-e3f9-58a9-8746-9c237e112ee9,alice@example.com,e8ce0050-81f3-44d5-86d2-4154a1c1680e,2024-05-09 23:24:00,mobile
4eacd45c-9b4f-5e41-a263-d26a238907be,bob@example.com,fac363f8-7da2-4d2d-9b19-d90be9bcefae,2024-05-09 23:41:00,web
59318065-4e31-548e-b918-c3d4ccc84e84,carol@example.com,c25aba65-17ae-4f2e-a8a8-5aefa4e1348b,2024-05-09 23:58:00,desktop
84dccc66-c1e3-5b8c-91cb-2935eb26e8b8,alice@example.com,e7f5cfb4-47eb-42cb-97ce-3b506274ec73,2024-05-10 00:15:00,tablet
a9ad41f6-9943-5085-8e3d-f8d64ae39824,bob@example.com,5deb4023-53b9-47f3-ab3d-b057ee4f953f,2024-05-10 00:32:00,mobile
d23a2b91-d30a-57dd-83e7-3faec52c2d78,carol@example.com,629cdfb3-6122-4bba-bead-4c09f888efca,2024-05-10 00:49:00,web
a727a864-69a4-5b5e-afda-3fa167b026d8,alice@example.com,6fe2eadd-d236-4d28-806b-3bda9285fd0d,2024-05-10 01:06:00,desktop
301ff58f-af67-5942-bfff-e001932daed4,bob@example.com,65c5385c-55df-4e3f-83bd-73145528e14f,2024-05-10 01:23:00,tablet
5978041e-4bca-58d3-9cb3-0de6425048bd,carol@example.com,6373694b-2bae-4bc1-89a3-8545441304c9,2024-05-10 01:40:00,mobile
c498a463-8adb-53a4-81e2-9ff7b9410c4b,alice@example.com,0e84d50e-aa9a-4365-bae9-7e8f870f0f02,2024-05-10 01:57:00,web
81ebda71-b39c-5ee1-9aa0-2e21a699854b,bob@example.com,8bf3a39b-40d4-4d03-8f83-0f5db88d4e69,2024-05-10 02:14:00,desktop
ea89e45e-b1dd-5be8-ac74-10d7751e0706,carol@example.com,a2bc017d-dd7d-489e-af9c-f1ca73ecfd52,2024-05-10 02:31:00,tablet
9f6ff0ba-c595-59f5-a905-b231246a4bc2,alice@example.com,f7e0f54c-1be0-41f6-9f0f-f1885a41230c,2024-05-10 02:48:00,mobile
d5d647a5-484f-51f1-a4e2-d0520e6e3283,bob@example.com,340f4833-2e20-4ab8-b03d-91c8e7f230a3,2024-05-10 03:05:00,web
1fd2dda5-85c7-5d79-b249-c7c67b110428,carol@example.com,575d1039-43e5-4c38-9c7a-1566600491ff,2024-05-10 03:22:00,desktop
3e9a0b09-9c40-516a-b685-6f836e0daa9e,alice@example.com,cc462b1f-b77d-4c4b-851f-ba3b65fa1331,2024-05-10 03:39:00,tablet
dcd15537-6618-5072-8b00-43ac6a9faf3a,bob@example.com,cdc72506-8355-4b48-9cd1-fd03828b1601,2024-05-10 03:56:00,mobile
62a9eff0-b5b2-579f-945b-a2660d542489,carol@example.com,bef779fc-0310-4c4c-85ef-1e4797b1dc9e,2024-05-10 04:13:00,web
0756cda0-0cef-54a3-be2c-197af6569467,alice@example.com,f3b7aba1-3d9b-4837-ba86-120ef1e7337f,2024-05-10 04:30:00,desktop
2a25b16b-ea4c-56be-a29b-46fe0c620cd6,bob@example.com,87b314ab-145c-4d4a-b661-0f35e48586ca,2024-05-10 04:47:00,tablet
270e79f3-54ce-5566-a000-e42cc60b9ac8,carol@example.com,9709c855-dfa2-4159-b0e4-deb078bfe1d7,2024-05-10 05:04:00,mobile
2dd9d082-1c63-5853-9a6b-7f1d96b834d6,alice@example.com,236bed16-209e-4f6c-bc8c-9ba685852787,2024-05-10 05:21:00,web
2232c089-4281-52b2-b227-5ffbe5a092a7,bob@example.com,a413deb8-5c2d-489b-98f8-7f1e61c5eeef,2024-05-10 05:38:00,desktop
7bc751ad-7258-5153-8f8e-8d50dba6fe05,carol@example.com,fd4fabfb-c7c1-4818-bd9d-ac546edaf784,2024-05-10 05:55:00,tablet
e5875e04-4e9e-57c9-9990-d2bf730b29af,alice@example.com,6943fab7-444f-47a0-ae18-099125cfea02,2024-05-10 06:12:00,mobile
e0a1088d-d4e2-52ac-9c45-44a836c47ab8,bob@example.com,1cecec99-53e1-4f43-894f-7976318b8929,2024-05-10 06:29:00,web
9170a51e-9c3f-5425-83d7-3c6415063af4,carol@example.com,8004fdd5-00dc-48c9-8635-8889fcb96040,2024-05-10 06:46:00,desktop
9f66df88-0e37-5d13-82de-f03f5d2b5018,alice@example.com,5fbabd7f-ca2b-4137-9826-f67866b923aa,2024-05-10 07:03:00,tablet
bfef6e41-99c2-566c-9b19-f6752637a20b,bob@example.com,9a73ddb9-4488-417b-b57f-4b9b7870e942,2024-05-10 07:20:00,mobile
ee67746a-9fc1-5203-9f3c-310743071855,carol@example.com,6b8da6d9-fa26-49e4-90fb-8e677a808568,2024-05-10 07:37:00,web
698c4c6d-5e2f-520a-a3d4-4351a45add13,alice@example.com,f08d8370-97d9-41a1-b4ff-5688515bd166,2024-05-10 07:54:00,desktop
5a4b755b-6bb7-59dd-b686-90034dd41f01,bob@example.com,aa233736-abb6-4a3a-b7fd-1135b2d0001c,2024-05-10 08:11:00,tablet
f4ebf868-f286-520e-83ec-2ada92cca1c6,carol@example.com,2471d4ec-4faf-4569-928b-5f098103fae8,2024-05-10 08:28:00,mobile
815845fd-6345-5b9b-a148-5018028fbcb5,alice@example.com,bea00600-c226-4216-96bc-4a487f4de7cf,2024-05-10 08:45:00,web
7fc789cd-c0e6-5612-9b2b-736b69419808,bob@example.com,520a09bc-4cb9-452f-9a50-703b0c5637fd,2024-05-10 09:02:00,desktop
5e568247-dcd9-5001-ba62-78fdcfa7b7f5,carol@example.com,f9cd1c97-badb-4050-ae4f-b562a64705a8,2024-05-10 09:19:00,tablet
754c4e1e-a995-5ccf-a37c-6d713b5557f8,alice@example.com,354e571e-c6a4-442a-93c0-247e8d66c1c0,2024-05-10 09:36:00,mobile
3757dab4-de4f-50ff-b0a2-51ae96f275d6,bob@example.com,c957a63a-1332-4a5c-bb6f-e116a45becb5,2024-05-10 09:53:00,web
5fc4a6f3-832d-5617-aceb-8cf2566dfdf9,carol@example.com,b0700595-a0c0-4151-b7fd-12b046ebc9df,2024-05-10 10:10:00,desktop
cb671dc1-6642-50cf-892a-48422358d448,alice@example.com,16947d2b-8a0d-4ee7-aa38-042a05adb975,2024-05-10 10:27:00,tablet
eb43d11b-04e4-5354-8fcf-9cc9a1226b77,bob@example.com,46cc019b-ff17-496a-866a-2b4932600910,2024-05-10 10:44:00,mobile
0fd6363c-94f3-5917-ab4d-ff2775408938,carol@example.com,ebbbe19b-e08d-4957-9445-d81745a96a93,2024-05-10 11:01:00,web
8069782e-f7dd-505f-a069-bfa2dd334512,alice@example.com,205ff413-6fbe-48d2-bd64-940cc37f5d75,2024-05-10 11:18:00,desktop
7d8ad5dd-ae14-5ac1-9dae-2c020833a542,bob@example.com,2bf45c25-da71-408a-981d-6cf14f47552d,2024-05-10 11:35:00,tablet
c7c6892d-b75c-56c2-90ad-d56a5cfeb6bd,carol@example.com,5026f6d4-89be-4d29-b731-a91bb3f4779c,2024-05-10 11:52:00,mobile
89cb578f-e37a-5de9-b825-70f6fa9d5528,alice@example.com,e8ce0050-81f3-44d5-86d2-4154a1c1680e,2024-05-10 12:09:00,web
d845266c-3291-5981-aeab-7719a2e6cfa7,bob@example.com,fac363f8-7da2-4d2d-9b19-d90be9bcefae,2024-05-10 12:26:00,desktop
f544eaf3-642d-570f-a7c5-509a7841ec89,carol@example.com,c25aba65-17ae-4f2e-a8a8-5aefa4e1348b,2024-05-10 12:43:00,tablet
f66dc8f3-aa17-5b64-96e5-d82eaf1b1824,alice@example.com,e7f5cfb4-47eb-42cb-97ce-3b506274ec73,2024-05-10 13:00:00,mobile
4ec21046-b146-551d-b1f6-f649b89284ed,bob@example.com,5deb4023-53b9-47f3-ab3d-b057ee4f953f,2024-05-10 13:17:00,web
52611873-7e30-51ae-996c-f8d963b98f4c,carol@example.com,629cdfb3-6122-4bba-bead-4c09f888efca,2024-05-10 13:34:00,desktop
756bd7ca-c870-50e5-97e2-673821390459,alice@example.com,6fe2eadd-d236-4d28-806b-3bda9285fd0d,2024-05-10 13:51:00,tablet
47be5b61-2c3a-5596-a966-c137dd23b9c6,bob@example.com,65c5385c-55df-4e3f-83bd-73145528e14f,2024-05-10 14:08:00,mobile
db866b57-2ee8-58fd-ba40-96710365c9dd,carol@example.com,6373694b-2bae-4bc1-89a3-8545441304c9,2024-05-10 14:25:00,web
9e132e7e-b736-5452-8a5e-a9c42ae9289a,alice@example.com,0e84d50e-aa9a-4365-bae9-7e8f870f0f02,2024-05-10 14:42:00,desktop
45a3b55b-8353-524a-bbb0-a386a265c481,bob@example.com,8bf3a39b-40d4-4d03-8f83-0f5db88d4e69,2024-05-10 14:59:00,tablet
327db39d-76ec-50c2-ab14-9bf9a344e932,carol@example.com,a2bc017d-dd7d-489e-af9c-f1ca73ecfd52,2024-05-10 15:16:00,mobile
964d1ac8-1fdf-599d-b4a4-517d930e817d,alice@example.com,f7e0f54c-1be0-41f6-9f0f-f1885a41230c,2024-05-10 15:33:00,web
71ee132f-d118-50e0-98b4-ac0ef2bf168d,bob@example.com,340f4833-2e20-4ab8-b03d-91c8e7f230a3,2024-05-10 15:50:00,desktop
8e8466e7-e8e3-565d-af53-152166792cbb,carol@example.com,575d1039-43e5-4c38-9c7a-1566600491ff,2024-05-10 16:07:00,tablet
901b29db-b0d7-5342-bf3f-9bec8fb0b987,alice@example.com,cc462b1f-b77d-4c4b-851f-ba3b65fa1331,2024-05-10 16:24:00,mobile
d195ea71-9e2c-5953-b818-44a03614e217,bob@example.com,cdc72506-8355-4b48-9cd1-fd03828b1601,2024-05-10 16:41:00,web
bad04c3d-9184-50a9-b48a-22fe51a2894d,carol@example.com,bef779fc-0310-4c4c-85ef-1e4797b1dc9e,2024-05-10 16:58:00,desktop
1087d799-9ee5-5a12-b31b-0d49c7233a2f,alice@example.com,f3b7aba1-3d9b-4837-ba86-120ef1e7337f,2024-05-10 17:15:00,tablet
223867e9-66de-5dae-b38f-04c56d5cfca2,bob@example.com,87b314ab-145c-4d4a-b661-0f35e48586ca,2024-05-10 17:32:00,mobile
b4f76a74-3f13-56b6-9da4-dd6f009517af,carol@example.com,9709c855-dfa2-4159-b0e4-deb078bfe1d7,2024-05-10 17:49:00,web
328ea35e-40f7-5fd8-8ee3-181dcea45f61,alice@example.com,236bed16-209e-4f6c-bc8c-9ba685852787,2024-05-10 18:06:00,desktop
ed1a3182-0157-58eb-8446-04e422414a74,bob@example.com,a413deb8-5c2d-489b-98f8-7f1e61c5eeef,2024-05-10 18:23:00,tablet
1783ef63-6669-5231-a949-485999c39876,carol@example.com,fd4fabfb-c7c1-4818-bd9d-ac546edaf784,2024-05-10 18:40:00,mobile
a43f4dff-55f9-5d2d-a0fa-21b89ee6361b,alice@example.com,6943fab7-444f-47a0-ae18-099125cfea02,2024-05-10 18:57:00,web
0c0f591b-de31-53cd-9367-a4c46f36c0d3,bob@example.com,1cecec99-53e1-4f43-894f-7976318b8929,2024-05-10 19:14:00,desktop
40027277-fd3e-5af9-b7d6-5915429a3b5c,carol@example.com,8004fdd5-00dc-48c9-8635-8889fcb96040,2024-05-10 19:31:00,tablet
f9672bb3-c284-59c4-ac6e-e23148565869,alice@example.com,5fbabd7f-ca2b-4137-9826-f67866b923aa,2024-05-10 19:48:00,mobile
a9d38007-7de3-5b40-9367-b7461b5d3f26,bob@example.com,9a73ddb9-4488-417b-b57f-4b9b7870e942,2024-05-10 20:05:00,web
1acb7581-c36c-5051-bfbd-7e00f1488514,carol@example.com,6b8da6d9-fa26-49e4-90fb-8e677a808568,2024-05-10 20:22:00,desktop
a397284f-b083-53cb-a43a-1abe58ffa0d9,alice@example.com,f08d8370-97d9-41a1-b4ff-5688515bd166,2024-05-10 20:39:00,tablet
20f36ec3-de36-5ab6-9ebb-81d486f190bf,bob@example.com,aa233736-abb6-4a3a-b7fd-1135b2d0001c,2024-05-10 20:56:00,mobile
7e3b26ca-7386-5f91-86df-70351d986b7d,carol@example.com,2471d4ec-4faf-4569-928b-5f098103fae8,2024-05-10 21:13:00,web
7697c192-a70c-537e-b123-c7cf1a2cff67,alice@example.com,bea00600-c226-4216-96bc-4a487f4de7cf,2024-05-10 21:30:00,desktop
6bd54a16-40d4-5ae2-8bc1-3561b7e70dbd,bob@example.com,520a09bc-4cb9-452f-9a50-703b0c5637fd,2024-05-10 21:47:00,tablet
ec4efddb-786f-53b8-93ce-ee216578a1aa,carol@example.com,f9cd1c97-badb-4050-ae4f-b562a64705a8,2024-05-10 22:04:00,mobile
dcbc1c0f-14e6-5178-8569-c1e006101678,alice@example.com,354e571e-c6a4-442a-93c0-247e8d66c1c0,2024-05-10 22:21:00,web
d8725af1-6473-56be-9aec-7eacfcbeb4ae,bob@example.com,c957a63a-1332-4a5c-bb6f-e116a45becb5,2024-05-10 22:38:00,desktop
85489c42-e55b-5fc5-b091-baa7223585c9,carol@example.com,b0700595-a0c0-4151-b7fd-12b046ebc9df,2024-05-10 22:55:00,tablet
3591a1b1-88e2-58c9-b486-01cb1fbea71f,alice@example.com,16947d2b-8a0d-4ee7-aa38-042a05adb975,2024-05-10 23:12:00,mobile
4b456768-f7f1-56a2-a97d-ba70099a2080,bob@example.com,46cc019b-ff17-496a-866a-2b4932600910,2024-05-10 23:29:00,web
5412be76-d24f-5c21-8022-bc35fe3ebb99,carol@example.com,ebbbe19b-e08d-4957-9445-d81745a96a93,2024-05-10 23:46:00,desktop
53aeb6cb-cba3-50fc-9769-b7287bc560f4,alice@example.com,205ff413-6fbe-48d2-bd64-940cc37f5d75,2024-05-11 00:03:00,tablet
7196ccaa-52a1-57c9-aa63-65e5740d8a03,bob@example.com,2bf45c25-da71-408a-981d-6cf14f47552d,2024-05-11 00:20:00,mobile
2603beb5-5e4e-5660-83ed-9b7228d457eb,carol@example.com,5026f6d4-89be-4d29-b731-a91bb3f4779c,2024-05-11 00:37:00,web
97ee5b12-7bd8-5d62-a0dc-37f5364787f7,alice@example.com,e8ce0050-81f3-44d5-86d2-4154a1c1680e,2024-05-11 00:54:00,desktop
29a959db-c357-5212-801b-db6fe7a4817a,bob@example.com,fac363f8-7da2-4d2d-9b19-d90be9bcefae,2024-05-11 01:11:00,tablet
13f8962f-8d0c-5dc1-9618-064eaee47374,carol@example.com,c25aba65-17ae-4f2e-a8a8-5aefa4e1348b,2024-05-11 01:28:00,mobile
afa78638-e5f4-5459-afd1-ef8d29d8008c,alice@example.com,e7f5cfb4-47eb-42cb-97ce-3b506274ec73,2024-05-11 01:45:00,web
0278e59d-9a59-5d1d-8e3c-61515aa09a62,bob@example.com,5deb4023-53b9-47f3-ab3d-b057ee4f953f,2024-05-11 02:02:00,desktop
c5dc4aec-56f3-5744-be87-8ea39bbd1356,carol@example.com,629cdfb3-6122-4bba-bead-4c09f888efca,2024-05-11 02:19:00,tablet
fa26c637-25ca-5741-82b3-7a4edcbbf732,alice@example.com,6fe2eadd-d236-4d28-806b-3bda9285fd0d,2024-05-11 02:36:00,mobile
da8363b9-4ed7-5aee-bfb4-7d704e085652,bob@example.com,65c5385c-55df-4e3f-83bd-73145528e14f,2024-05-11 02:53:00,web
dd006cbd-1865-5c6b-a966-fd9acc696f87,carol@example.com,6373694b-2bae-4bc1-89a3-8545441304c9,2024-05-11 03:10:00,desktop
556cff73-3958-5ee6-b9d5-79d0fc6a15dc,alice@example.com,0e84d50e-aa9a-4365-bae9-7e8f870f0f02,2024-05-11 03:27:00,tablet
bb0b3a6d-db4f-5ee7-926a-b7ce19a5d471,bob@example.com,8bf3a39b-40d4-4d03-8f83-0f5db88d4e69,2024-05-11 03:44:00,mobile
373ef5fe-4b9c-512a-8ba7-8cf2ba0aac74,carol@example.com,a2bc017d-dd7d-489e-af9c-f1ca73ecfd52,2024-05-11 04:01:00,web
275dc096-703b-5ccd-8e1c-0a62e12017d0,alice@example.com,f7e0f54c-1be0-41f6-9f0f-f1885a41230c,2024-05-11 04:18:00,desktop
dafeb414-95c9-5e3e-a8a2-4ad271f0fa74,bob@example.com,340f4833-2e20-4ab8-b03d-91c8e7f230a3,2024-05-11 04:35:00,tablet
2225612c-b80c-5c03-a636-48654715c644,carol@example.com,575d1039-43e5-4c38-9c7a-1566600491ff,2024-05-11 04:52:00,mobile
00f56c54-e808-5ce5-8507-d2a2fbd40dfc,alice@example.com,cc462b1f-b77d-4c4b-851f-ba3b65fa1331,2024-05-11 05:09:00,web
a5a636cd-a55e-55d7-91b9-4371d49c393d,bob@example.com,cdc72506-8355-4b48-9cd1-fd03828b1601,2024-05-11 05:26:00,desktop
2b242573-cb1c-58b4-9d4b-709ab662c503,carol@example.com,bef779fc-0310-4c4c-85ef-1e4797b1dc9e,2024-05-11 05:43:00,tablet
bd35b464-5b4e-553d-a4c3-0cae0007c438,alice@example.com,f3b7aba1-3d9b-4837-ba86-120ef1e7337f,2024-05-11 06:00:00,mobile
366263bc-645d-511c-9963-4f6ae3c26c48,bob@example.com,87b314ab-145c-4d4a-b661-0f35e48586ca,2024-05-11 06:17:00,web
bd287354-4db8-5c8c-8d32-24c4d8e267d3,carol@example.com,9709c855-dfa2-4159-b0e4-deb078bfe1d7,2024-05-11 06:34:00,desktop
3e12486d-437c-537d-a5aa-be919a4d157a,alice@example.com,236bed16-209e-4f6c-bc8c-9ba685852787,2024-05-11 06:51:00,tablet
e380759c-102f-5e41-ac35-76e736d8bd53,bob@example.com,a413deb8-5c2d-489b-98f8-7f1e61c5eeef,2024-05-11 07:08:00,mobile
cf76c0fc-1a61-5ebe-b003-bc3e950900f1,carol@example.com,fd4fabfb-c7c1-4818-bd9d-ac546edaf784,2024-05-11 07:25:00,web
d4bfd45d-ff04-5a03-9ea8-9cbca9bedc2a,alice@example.com,6943fab7-444f-47a0-ae18-099125cfea02,2024-05-11 07:42:00,desktop
80eea349-926c-5ecd-8ec0-da5615cd9561,bob@example.com,1cecec99-53e1-4f43-894f-7976318b8929,2024-05-11 07:59:00,tablet
48f19162-0260-558a-a51c-d702a815310a,carol@example.com,8004fdd5-00dc-48c9-8635-8889fcb96040,2024-05-11 08:16:00,mobile
b6485fe3-40ba-56d5-a2f2-79102f09d49f,alice@example.com,5fbabd7f-ca2b-4137-9826-f67866b923aa,2024-05-11 08:33:00,web
f8d97011-5c05-5636-b1db-bcf2ada0aeed,bob@example.com,9a73ddb9-4488-417b-b57f-4b9b7870e942,2024-05-11 08:50:00,desktop
4fbab12d-ccfc-5d4b-8698-ae9f594a30d3,carol@example.com,6b8da6d9-fa26-49e4-90fb-8e677a808568,2024-05-11 09:07:00,tablet
48e8eec9-6fdf-5dad-8d77-ca40f91183b6,alice@example.com,f08d8370-97d9-41a1-b4ff-5688515bd166,2024-05-11 09:24:00,mobile
5a53bfd4-7a2f-574f-ba47-521ab6088aef,bob@example.com,aa233736-abb6-4a3a-b7fd-1135b2d0001c,2024-05-11 09:41:00,web
846504fc-86d9-5255-8664-3b0d157cd282,carol@example.com,2471d4ec-4faf-4569-928b-5f098103fae8,2024-05-11 09:58:00,desktop
705b06d6-fcdf-5dd0-b6de-6cc998f008cd,alice@example.com,bea00600-c226-4216-96bc-4a487f4de7cf,2024-05-11 10:15:00,tablet
0fde858a-db79-5311-adcc-039c8c581dc2,bob@example.com,520a09bc-4cb9-452f-9a50-703b0c5637fd,2024-05-11 10:32:00,mobile
511fe600-fbc0-58ce-b3ec-075e63cad074,carol@example.com,f9cd1c97-badb-4050-ae4f-b562a64705a8,2024-05-11 10:49:00,web
b3f7e8c1-2332-5e34-8934-dc74f70847df,alice@example.com,354e571e-c6a4-442a-93c0-247e8d66c1c0,2024-05-11 11:06:00,desktop
6bc3d0b2-ba6f-5298-891a-811a6d2b0cb2,bob@example.com,c957a63a-1332-4a5c-bb6f-e116a45becb5,2024-05-11 11:23:00,tablet
1db5b483-7265-5d2f-99ef-781582c06284,carol@example.com,b0700595-a0c0-4151-b7fd-12b046ebc9df,2024-05-11 11:40:00,mobile
a0e59bee-191a-51c3-a5b4-78a5970362c4,alice@example.com,16947d2b-8a0d-4ee7-aa38-042a05adb975,2024-05-11 11:57:00,web
6e19caf2-e47d-5083-82a1-ab5b7ba40436,bob@example.com,46cc019b-ff17-496a-866a-2b4932600910,2024-05-11 12:14:00,desktop
40c8b098-13d3-5249-b589-9c02d7d740a6,carol@example.com,ebbbe19b-e08d-4957-9445-d81745a96a93,2024-05-11 12:31:00,tablet
9fd49aec-c005-5411-b3de-ff4bb7d39714,alice@example.com,205ff413-6fbe-48d2-bd64-940cc37f5d75,2024-05-11 12:48:00,mobile
886d41b7-a8b5-506d-b64b-d6cd7903cf33,bob@example.com,2bf45c25-da71-408a-981d-6cf14f47552d,2024-05-11 13:05:00,web
4dc5b434-9f87-53dd-be21-a18d09e52e91,carol@example.com,5026f6d4-89be-4d29-b731-a91bb3f4779c,2024-05-11 13:22:00,desktop
9dc74d24-4b90-5877-b47e-38f211d26fad,alice@example.com,e8ce0050-81f3-44d5-86d2-4154a1c1680e,2024-05-11 13:39:00,tablet
7173915b-e797-5c5c-92c0-cf9140d727de,bob@example.com,fac363f8-7da2-4d2d-9b19-d90be9bcefae,2024-05-11 13:56:00,mobile
67062910-336c-541c-bcbe-c10e17c547f1,carol@example.com,c25aba65-17ae-4f2e-a8a8-5aefa4e1348b,2024-05-11 14:13:00,web
16bb0cc4-fc09-5462-bf49-6cbb73b8ab58,alice@example.com,e7f5cfb4-47eb-42cb-97ce-3b506274ec73,2024-05-11 14:30:00,desktop
180879eb-e53a-588b-8f8b-022e9b67716d,bob@example.com,5deb4023-53b9-47f3-ab3d-b057ee4f953f,2024-05-11 14:47:00,tablet
5a01f580-42e1-5c88-ac15-f44acfe7fa35,carol@example.com,629cdfb3-6122-4bba-bead-4c09f888efca,2024-05-11 15:04:00,mobile
42374277-7cec-5997-99f8-d9a36f3ce9a2,alice@example.com,6fe2eadd-d236-4d28-806b-3bda9285fd0d,2024-05-11 15:21:00,web
b1c7ef94-a366-5a00-b093-aaee7426d6a2,bob@example.com,65c5385c-55df-4e3f-83bd-73145528e14f,2024-05-11 15:38:00,desktop
a60a4608-a400-5e97-bd88-4be1cad9fa79,carol@example.com,6373694b-2bae-4bc1-89a3-8545441304c9,2024-05-11 15:55:00,tablet
28783c69-0835-50ea-ac59-59b04369babd,alice@example.com,0e84d50e-aa9a-4365-bae9-7e8f870f0f02,2024-05-11 16:12:00,mobile
5685a62d-5fce-5535-933a-5d7ee4238944,bob@example.com,8bf3a39b-40d4-4d03-8f83-0f5db88d4e69,2024-05-11 16:29:00,web
eafd5476-2299-5e0a-9992-89d27b77a6b4,carol@example.com,a2bc017d-dd7d-489e-af9c-f1ca73ecfd52,2024-05-11 16:46:00,desktop
06c3f911-a66a-599f-a83d-fed2764e6503,alice@example.com,f7e0f54c-1be0-41f6-9f0f-f1885a41230c,2024-05-11 17:03:00,tablet
e89892da-8a31-5e8c-8d6b-51f077700a12,bob@example.com,340f4833-2e20-4ab8-b03d-91c8e7f230a3,2024-05-11 17:20:00,mobile
9da44242-f380-5ecd-8733-7693a2d0fb13,carol@example.com,575d1039-43e5-4c38-9c7a-1566600491ff,2024-05-11 17:37:00,web
5a7ab70e-d111-57c1-8912-f23fa8a88389,alice@example.com,cc462b1f-b77d-4c4b-851f-ba3b65fa1331,2024-05-11 17:54:00,desktop
0404ccd8-1b5f-569f-ba61-932c16817145,bob@example.com,cdc72506-8355-4b48-9cd1-fd03828b1601,2024-05-11 18:11:00,tablet
87944388-f77e-5ec7-81c9-cc4ccfb3064a,carol@example.com,bef779fc-0310-4c4c-85ef-1e4797b1dc9e,2024-05-11 18:28:00,mobile
b3126705-3891-54b5-84f8-dbd5ea4e9f31,alice@example.com,f3b7aba1-3d9b-4837-ba86-120ef1e7337f,2024-05-11 18:45:00,web
59d9dba2-4c7b-5ec1-b422-76b1bde653d2,bob@example.com,87b314ab-145c-4d4a-b661-0f35e48586ca,2024-05-11 19:02:00,desktop
9322b854-1ac1-5f6f-8da6-0b286fc7ff01,carol@example.com,9709c855-dfa2-4159-b0e4-deb078bfe1d7,2024-05-11 19:19:00,tablet
94e0d0fd-8619-5e2a-9504-4ac98212ba57,alice@example.com,236bed16-209e-4f6c-bc8c-9ba685852787,2024-05-11 19:36:00,mobile
be79fb39-04da-59de-8f3b-c108c33b80c0,bob@example.com,a413deb8-5c2d-489b-98f8-7f1e61c5eeef,2024-05-11 19:53:00,web
3b1ed728-ec2f-530d-a366-213b8fbfc1b4,carol@example.com,fd4fabfb-c7c1-4818-bd9d-ac546edaf784,2024-05-11 20:10:00,desktop
5c7721f8-69ef-5b1c-861a-a73466adb6f9,alice@example.com,6943fab7-444f-47a0-ae18-099125cfea02,2024-05-11 20:27:00,tablet
f25f9d07-8e69-5274-a311-55664d28c64a,bob@example.com,1cecec99-53e1-4f43-894f-7976318b8929,2024-05-11 20:44:00,mobile
cf38d04b-5670-5bc4-a56b-5970e6110304,carol@example.com,8004fdd5-00dc-48c9-8635-8889fcb96040,2024-05-11 21:01:00,web
a3b37c37-c48d-5375-9643-6131b22eba3a,alice@example.com,5fbabd7f-ca2b-4137-9826-f67866b923aa,2024-05-11 21:18:00,desktop
d281a903-bfcb-5851-a6c6-f195e7d765a2,bob@example.com,9a73ddb9-4488-417b-b57f-4b9b7870e942,2024-05-11 21:35:00,tablet
9c95be23-290c-506d-81f0-191772e41e8d,carol@example.com,6b8da6d9-fa26-49e4-90fb-8e677a808568,2024-05-11 21:52:00,mobile
36648de8-39ef-528b-9833-7fd007082a36,alice@example.com,f08d8370-97d9-41a1-b4ff-5688515bd166,2024-05-11 22:09:00,web
59e396e2-2766-528b-8ce0-286caced8f33,bob@example.com,aa233736-abb6-4a3a-b7fd-1135b2d0001c,2024-05-11 22:26:00,desktop
928c1146-50ab-550e-aed3-b1b62d77979d,carol@example.com,2471d4ec-4faf-4569-928b-5f098103fae8,2024-05-11 22:43:00,tablet
8caa322f-ee26-5a69-abeb-32fa6764c70e,alice@example.com,bea00600-c226-4216-96bc-4a487f4de7cf,2024-05-11 23:00:00,mobile
5e9d1836-4d89-54be-b39f-438578997059,bob@example.com,520a09bc-4cb9-452f-9a50-703b0c5637fd,2024-05-11 23:17:00,web
01665f44-0b6a-5138-927f-93dabc0843ab,carol@example.com,f9cd1c97-badb-4050-ae4f-b562a64705a8,2024-05-11 23:34:00,desktop
27fc99c9-b27a-53fa-96d6-0b7ef2386d1d,alice@example.com,354e571e-c6a4-442a-93c0-247e8d66c1c0,2024-05-11 23:51:00,tablet
98042d37-88d8-561a-8810-5795020ad17e,bob@example.com,c957a63a-1332-4a5c-bb6f-e116a45becb5,2024-05-12 00:08:00,mobile
122a4a63-6eca-51bd-b57c-416551652f9d,carol@example.com,b0700595-a0c0-4151-b7fd-12b046ebc9df,2024-05-12 00:25:00,web
fd3e8e86-e7f0-5668-8260-f414128401fb,alice@example.com,16947d2b-8a0d-4ee7-aa38-042a05adb975,2024-05-12 00:42:00,desktop
6f26b5f4-2c9a-5404-9243-4a3f1999b78d,bob@example.com,46cc019b-ff17-496a-866a-2b4932600910,2024-05-12 00:59:00,tablet
d25ac192-ceff-5b70-8fc0-ad2dc90b6227,carol@example.com,ebbbe19b-e08d-4957-9445-d81745a96a93,2024-05-12 01:16:00,mobile
38d967d6-fbcf-58f9-bce5-06070f2521e7,alice@example.com,205ff413-6fbe-48d2-bd64-940cc37f5d75,2024-05-12 01:33:00,web
a8738e5d-c6b8-52a1-8d3c-184585dc207f,bob@example.com,2bf45c25-da71-408a-981d-6cf14f47552d,2024-05-12 01:50:00,desktop
991f1337-549f-5844-b4a3-9286535248c5,carol@example.com,5026f6d4-89be-4d29-b731-a91bb3f4779c,2024-05-12 02:07:00,tablet
19c190e9-2e08-58ca-ba5a-4ad6b88a4a04,alice@example.com,e8ce0050-81f3-44d5-86d2-4154a1c1680e,2024-05-12 02:24:00,mobile
efbcf448-9614-56a8-b9be-9e737c321aa0,bob@example.com,fac363f8-7da2-4d2d-9b19-d90be9bcefae,2024-05-12 02:41:00,web
b194262a-ac19-5a46-8d3d-34bed9fd5187,carol@example.com,c25aba65-17ae-4f2e-a8a8-5aefa4e1348b,2024-05-12 02:58:00,desktop
21e94dc0-bc71-5779-bb2b-e43f01f153af,alice@example.com,e7f5cfb4-47eb-42cb-97ce-3b506274ec73,2024-05-12 03:15:00,tablet
9cd616aa-fb6b-5352-86f8-67f5dacf0d45,bob@example.com,5deb4023-53b9-47f3-ab3d-b057ee4f953f,2024-05-12 03:32:00,mobile
823dbdd5-edc3-54f3-b8f3-27f2222f1c4f,carol@example.com,629cdfb3-6122-4bba-bead-4c09f888efca,2024-05-12 03:49:00,web
686f0c6b-e08e-5123-812f-36069f2ef318,alice@example.com,6fe2eadd-d236-4d28-806b-3bda9285fd0d,2024-05-12 04:06:00,desktop
295431d9-f34b-5082-85c3-9768801e4e22,bob@example.com,65c5385c-55df-4e3f-83bd-73145528e14f,2024-05-12 04:23:00,tablet
c2b66041-5dc2-5778-a1fc-7d6e71c81435,carol@example.com,6373694b-2bae-4bc1-89a3-8545441304c9,2024-05-12 04:40:00,mobile
7802d1a8-0deb-5815-bc08-d5bc5a2c44f8,alice@example.com,0e84d50e-aa9a-4365-bae9-7e8f870f0f02,2024-05-12 04:57:00,web
b663d763-e650-544e-b1ee-6dda3889c222,bob@example.com,8bf3a39b-40d4-4d03-8f83-0f5db88d4e69,2024-05-12 05:14:00,desktop
5ae1d5d9-3505-588c-978d-59138b624034,carol@example.com,a2bc017d-dd7d-489e-af9c-f1ca73ecfd52,2024-05-12 05:31:00,tablet
a318a977-7bf2-51c0-8aa6-7d59ad4fe985,alice@example.com,f7e0f54c-1be0-41f6-9f0f-f1885a41230c,2024-05-12 05:48:00,mobile
bc08a9e8-0ac2-582e-95fe-0205dd2d33cb,bob@example.com,340f4833-2e20-4ab8-b03d-91c8e7f230a3,2024-05-12 06:05:00,web
f2c2e6d1-c18e-531f-a773-2c8da6b1c2f8,carol@example.com,575d1039-43e5-4c38-9c7a-1566600491ff,2024-05-12 06:22:00,desktop
4caef619-e59b-5972-bad6-b578fc4465b9,alice@example.com,cc462b1f-b77d-4c4b-851f-ba3b65fa1331,2024-05-12 06:39:00,tablet
5bc8dc08-6cb7-57e7-8db6-8712c196585a,bob@example.com,cdc72506-8355-4b48-9cd1-fd03828b1601,2024-05-12 06:56:00,mobile
51d5d732-3abf-5751-831c-be4e1c7d4fba,carol@example.com,bef779fc-0310-4c4c-85ef-1e4797b1dc9e,2024-05-12 07:13:00,web
349800bb-9d6c-516d-b297-cc8a1aaceac8,alice@example.com,f3b7aba1-3d9b-4837-ba86-120ef1e7337f,2024-05-12 07:30:00,desktop
6e2c2684-e10c-5c69-b385-8346c0041a75,bob@example.com,87b314ab-145c-4d4a-b661-0f35e48586ca,2024-05-12 07:47:00,tablet
9860f2b8-dbf0-5035-a433-cd79e27924b7,carol@example.com,9709c855-dfa2-4159-b0e4-deb078bfe1d7,2024-05-12 08:04:00,mobile
5a6c7700-4f21-50c7-b754-31b97b0155db,alice@example.com,236bed16-209e-4f6c-bc8c-9ba685852787,2024-05-12 08:21:00,web
3e6bb9e3-a075-5732-a1c1-740f15209187,bob@example.com,a413deb8-5c2d-489b-98f8-7f1e61c5eeef,2024-05-12 08:38:00,desktop
0334cb4b-372c-51c3-bed5-bd1facfc6767,carol@example.com,fd4fabfb-c7c1-4818-bd9d-ac546edaf784,2024-05-12 08:55:00,tablet
ce7660dc-b387-5aa3-b0cf-2afd0cff342d,alice@example.com,6943fab7-444f-47a0-ae18-099125cfea02,2024-05-12 09:12:00,mobile
cb9b4071-4ba3-5bf9-9d1d-d942d83438a2,bob@example.com,1cecec99-53e1-4f43-894f-7976318b8929,2024-05-12 09:29:00,web
83a9f166-3fba-5c1e-885a-6ed42dc246ba,carol@example.com,8004fdd5-00dc-48c9-8635-8889fcb96040,2024-05-12 09:46:00,desktop
f136115c-821f-5fbe-9775-108a7c45c194,alice@example.com,5fbabd7f-ca2b-4137-9826-f67866b923aa,2024-05-12 10:03:00,tablet
96abd4ab-802b-5e7e-9ffd-110cedbb64ab,bob@example.com,9a73ddb9-4488-417b-b57f-4b9b7870e942,2024-05-12 10:20:00,mobile
2dbda62a-4958-541b-be23-9e66e2bc6f3b,carol@example.com,6b8da6d9-fa26-49e4-90fb-8e677a808568,2024-05-12 10:37:00,web
9ee6a155-9039-540b-9492-887d597fbab5,alice@example.com,f08d8370-97d9-41a1-b4ff-5688515bd166,2024-05-12 10:54:00,desktop
824a1816-287c-5daf-a0eb-7e5916ec0b92,bob@example.com,aa233736-abb6-4a3a-b7fd-1135b2d0001c,2024-05-12 11:11:00,tablet
fc5229aa-4547-559d-8504-360a7fcc3e0d,carol@example.com,2471d4ec-4faf-4569-928b-5f098103fae8,2024-05-12 11:28:00,mobile
32763b85-2174-51d4-b3f5-6a287ef0450e,alice@example.com,bea00600-c226-4216-96bc-4a487f4de7cf,2024-05-12 11:45:00,web
49bd9556-c41f-55bf-9618-67d24feb1288,bob@example.com,520a09bc-4cb9-452f-9a50-703b0c5637fd,2024-05-12 12:02:00,desktop
207cd90c-d2ee-5d9b-8d10-f25d5d55154a,carol@example.com,f9cd1c97-badb-4050-ae4f-b562a64705a8,2024-05-12 12:19:00,tablet
0c0429bd-6218-56e6-ae7d-a86837ef9c24,alice@example.com,354e571e-c6a4-442a-93c0-247e8d66c1c0,2024-05-12 12:36:00,mobile
5ccd0975-d1de-5094-9ebb-ce64940ddbdd,bob@example.com,c957a63a-1332-4a5c-bb6f-e116a45becb5,2024-05-12 12:53:00,web
409ddd70-c79a-59aa-84fa-f214333ac84a,carol@example.com,b0700595-a0c0-4151-b7fd-12b046ebc9df,2024-05-12 13:10:00,desktop
a1a2903a-18cc-5e98-8c4f-80bf2945ef27,alice@example.com,16947d2b-8a0d-4ee7-aa38-042a05adb975,2024-05-12 13:27:00,tablet
76eb41ee-0ed7-5874-83b3-18964c41ea2e,bob@example.com,46cc019b-ff17-496a-866a-2b4932600910,2024-05-12 13:44:00,mobile
912f33af-e414-57f2-ad58-413f16dae04d,carol@example.com,ebbbe19b-e08d-4957-9445-d81745a96a93,2024-05-12 14:01:00,web
69a89096-b4ab-5ca1-96bd-aa15ac5a7ab3,alice@example.com,205ff413-6fbe-48d2-bd64-940cc37f5d75,2024-05-12 14:18:00,desktop
72fa1701-6eb8-56a1-87c5-8ea06edcf669,bob@example.com,2bf45c25-da71-408a-981d-6cf14f47552d,2024-05-12 14:35:00,tablet
683a8f1d-c974-5ce4-847f-c4881f285e06,carol@example.com,5026f6d4-89be-4d29-b731-a91bb3f4779c,2024-05-12 14:52:00,mobile
efc43616-08ed-5a63-a48a-633e093f0b82,alice@example.com,e8ce0050-81f3-44d5-86d2-4154a1c1680e,2024-05-12 15:09:00,web
b2e4a762-1972-5c98-a8e9-9bd63111e178,bob@example.com,fac363f8-7da2-4d2d-9b19-d90be9bcefae,2024-05-12 15:26:00,desktop
f0185c94-1c7e-531a-8b86-a6989bc3fb17,carol@example.com,c25aba65-17ae-4f2e-a8a8-5aefa4e1348b,2024-05-12 15:43:00,tablet
f973bba6-c60b-5338-980b-bc59f5c7d536,alice@example.com,e7f5cfb4-47eb-42cb-97ce-3b506274ec73,2024-05-12 16:00:00,mobile
01d91a13-1b69-5101-81bc-b2670758015c,bob@example.com,5deb4023-53b9-47f3-ab3d-b057ee4f953f,2024-05-12 16:17:00,web
c17ff49e-0e85-54d6-a510-7b646e13d224,carol@example.com,629cdfb3-6122-4bba-bead-4c09f888efca,2024-05-12 16:34:00,desktop
e03664f7-8308-555b-8aba-a3e446f95d98,alice@example.com,6fe2eadd-d236-4d28-806b-3bda9285fd0d,2024-05-12 16:51:00,tablet
7de68464-5149-5446-9d4e-81af172409bd,bob@example.com,65c5385c-55df-4e3f-83bd-73145528e14f,2024-05-12 17:08:00,mobile
6fa4adbf-671c-59a7-bcd3-840730637aa0,carol@example.com,6373694b-2bae-4bc1-89a3-8545441304c9,2024-05-12 17:25:00,web
69ae81f6-a6a4-550f-8a37-d105f40dab18,alice@example.com,0e84d50e-aa9a-4365-bae9-7e8f870f0f02,2024-05-12 17:42:00,desktop
e2d31d34-41c2-5c37-b3fe-4414c4aafa6b,bob@example.com,8bf3a39b-40d4-4d03-8f83-0f5db88d4e69,2024-05-12 17:59:00,tablet
63026d1d-0864-5d8a-875a-b775f25eaa82,carol@example.com,a2bc017d-dd7d-489e-af9c-f1ca73ecfd52,2024-05-12 18:16:00,mobile
10b6ce25-f5b3-5070-86d8-c5b0605c705b,alice@example.com,f7e0f54c-1be0-41f6-9f0f-f1885a41230c,2024-05-12 18:33:00,web
0eb8fe44-be67-5532-be27-03ac2bcd765f,bob@example.com,340f4833-2e20-4ab8-b03d-91c8e7f230a3,2024-05-12 18:50:00,desktop
05e748b1-fed0-5ca0-9250-324c0394cf13,carol@example.com,575d1039-43e5-4c38-9c7a-1566600491ff,2024-05-12 19:07:00,tablet
1c1fbcbf-ab2e-5996-bdd1-7fd970d5e8bc,alice@example.com,cc462b1f-b77d-4c4b-851f-ba3b65fa1331,2024-05-12 19:24:00,mobile
705429f1-ae70-5238-9a2f-0a51659ad811,bob@example.com,cdc72506-8355-4b48-9cd1-fd03828b1601,2024-05-12 19:41:00,web
5db9286f-14c7-5c7c-8fe8-b09f10b1e3b2,carol@example.com,bef779fc-0310-4c4c-85ef-1e4797b1dc9e,2024-05-12 19:58:00,desktop
b7d9be41-971b-5137-9abc-3f9f9846230f,alice@example.com,f3b7aba1-3d9b-4837-ba86-120ef1e7337f,2024-05-12 20:15:00,tablet
d2bea6d6-f0d8-5d09-b182-30714a3d16ca,bob@example.com,87b314ab-145c-4d4a-b661-0f35e48586ca,2024-05-12 20:32:00,mobile
c9d3537e-01b2-5e6a-b54a-acfa68140ec1,carol@example.com,9709c855-dfa2-4159-b0e4-deb078bfe1d7,2024-05-12 20:49:00,web
a41b3543-a357-5b51-8a48-4a39a9dddedd,alice@example.com,236bed16-209e-4f6c-bc8c-9ba685852787,2024-05-12 21:06:00,desktop
5b6579cb-e539-5324-83c9-45bd90be4967,bob@example.com,a413deb8-5c2d-489b-98f8-7f1e61c5eeef,2024-05-12 21:23:00,tablet
b9448c28-1a8c-54b0-8fe5-7884e6955ed9,carol@example.com,fd4fabfb-c7c1-4818-bd9d-ac546edaf784,2024-05-12 21:40:00,mobile
ad7b6e19-bff7-5576-bc68-60da42c7e70c,alice@example.com,6943fab7-444f-47a0-ae18-099125cfea02,2024-05-12 21:57:00,web
184b0705-8f48-5b92-91a4-85c87a6fc14d,bob@example.com,1cecec99-53e1-4f43-894f-7976318b8929,2024-05-12 22:14:00,desktop
d949b4c7-83e0-5452-a7b4-0cdc3a5c5d03,carol@example.com,8004fdd5-00dc-48c9-8635-8889fcb96040,2024-05-12 22:31:00,tablet
a0a9efec-398f-5f6e-bd2f-d8e5a453d2db,alice@example.com,5fbabd7f-ca2b-4137-9826-f67866b923aa,2024-05-12 22:48:00,mobile
d9d3e91e-f188-5693-a404-0ed0adff9dde,bob@example.com,9a73ddb9-4488-417b-b57f-4b9b7870e942,2024-05-12 23:05:00,web
94f15fe0-c346-56fe-b0b8-ebc44bc5cd7d,carol@example.com,6b8da6d9-fa26-49e4-90fb-8e677a808568,2024-05-12 23:22:00,desktop
f071de4f-cec2-58a4-b671-a722ac76bf16,alice@example.com,f08d8370-97d9-41a1-b4ff-5688515bd166,2024-05-12 23:39:00,tablet
96d43573-e752-5fd5-a215-cf3cfbf13f60,bob@example.com,aa233736-abb6-4a3a-b7fd-1135b2d0001c,2024-05-12 23:56:00,mobile
a82100bd-5fc8-5b4d-bf17-939283b3898b,carol@example.com,2471d4ec-4faf-4569-928b-5f098103fae8,2024-05-13 00:13:00,web
6cc4ff75-57f6-54f7-8fbe-201a96e6634d,alice@example.com,bea00600-c226-4216-96bc-4a487f4de7cf,2024-05-13 00:30:00,desktop
724f4c7d-c2b8-571e-8cbe-7629fe4b226d,bob@example.com,520a09bc-4cb9-452f-9a50-703b0c5637fd,2024-05-13 00:47:00,tablet
2e24fb31-7fde-5eb1-a501-0c019fc052cf,carol@example.com,f9cd1c97-badb-4050-ae4f-b562a64705a8,2024-05-13 01:04:00,mobile
1ac1b1c8-491b-52de-aaaf-c0d66401e0de,alice@example.com,354e571e-c6a4-442a-93c0-247e8d66c1c0,2024-05-13 01:21:00,web
6cb08b82-527f-5e0e-a6d4-78630f478f59,bob@example.com,c957a63a-1332-4a5c-bb6f-e116a45becb5,2024-05-13 01:38:00,desktop
0c4452af-6478-54da-b9a7-addda31c1215,carol@example.com,b0700595-a0c0-4151-b7fd-12b046ebc9df,2024-05-13 01:55:00,tablet
87e3a372-c42c-502d-9967-8d84a68183a6,alice@example.com,16947d2b-8a0d-4ee7-aa38-042a05adb975,2024-05-13 02:12:00,mobile
c6a432f7-71e5-58ec-b2a5-1a22081b87a5,bob@example.com,46cc019b-ff17-496a-866a-2b4932600910,2024-05-13 02:29:00,web
33dbeec8-152f-5037-815e-5c24d588683d,carol@example.com,ebbbe19b-e08d-4957-9445-d81745a96a93,2024-05-13 02:46:00,desktop
1cb31e07-f29d-52dc-a645-84ec7f4c339b,alice@example.com,205ff413-6fbe-48d2-bd64-940cc37f5d75,2024-05-13 03:03:00,tablet
